KCPSM6 Assembler log file for program 'C:\Users\vigfe\Downloads\computer-system-design-fp_sprint\computer-system-design-fp_sprint\final_project\final_project_ise\picoblaze\recorder_ui_2.psm'.
Generated by KCPSM6 version v2.70
Ken Chapman - Xilinx Ltd - 16th May 2014

Assembly datestamp: 04 May 2026
Assembly timestamp: 15:51:09

Contents
  Assembly listing
  List of PSM files
  List of CONSTANTs
  List of TABLEs
  List of STRINGs
  List of line labels
  Instruction usage statistics


Last occupied address: 611 hex
Nominal program memory size: 2K (2048)   address(10:0)
Actual memory size: 4096
  (Default memory size)
Occupied memory locations: 1554
Memory locations available: 2542


Assembly listing

 Addr Code                                  Instruction

 000                                        ;===============================================================
 000                                        ; CDA 4203L Final Project - Voice Memo Station UI
 000                                        ; PicoBlaze KCPSM6 Assembly
 000                                        ;===============================================================
 000                                        CONSTANT user_controls, 00
 000                                        CONSTANT dip_inputs, 01
 000                                        CONSTANT uart_data_rx, 02
 000                                        CONSTANT uart_data_tx, 03
 000                                        CONSTANT data_present, 04
 000                                        CONSTANT buffer_full, 05
 000                                        CONSTANT recorder_status, 10
 000                                        CONSTANT selected_message, 11
 000                                        CONSTANT volume_setting, 12
 000                                        CONSTANT control_port, 13
 000                                        CONSTANT board_status, 14
 000                                        CONSTANT audio_debug_ctrl, 21
 000                                        CONSTANT cmd_play, 01
 000                                        CONSTANT cmd_record, 02
 000                                        CONSTANT cmd_delete, 03
 000                                        CONSTANT cmd_delete_all, 04
 000                                        CONSTANT cmd_volume, 05
 000                                        CONSTANT cmd_stop, 06
 000                                        CONSTANT cmd_pause_resume, 07
 000                                        CONSTANT ctl_clear_status, 01
 000                                        CONSTANT stat_busy, 01
 000                                        CONSTANT stat_recording, 02
 000                                        CONSTANT stat_playing, 04
 000                                        CONSTANT stat_paused, 08
 000                                        CONSTANT stat_done, 10
 000                                        CONSTANT stat_invalid, 20
 000                                        CONSTANT ui_idle, 00
 000                                        CONSTANT ui_recording, 01
 000                                        CONSTANT ui_playing, 02
 000                                        CONSTANT ui_paused, 03
 000                                        CONSTANT ui_busy, 04
 000                                        CONSTANT ui_done, 05
 000                                        CONSTANT ui_rejected, 06
 000                                        CONSTANT ui_slot_updated, 07
 000                                        CONSTANT ui_volume_updated, 08
 000                                        CONSTANT ui_command_sent, 09
 000                                        CONSTANT ui_unknown_key, 0A
 000                                        CONSTANT ui_monitor_updated, 0B
 000                                        CONSTANT ui_tone_updated, 0C
 000                                        CONSTANT focus_slot, 00
 000                                        CONSTANT focus_volume, 01
 000                                        CONSTANT ascii_ESC, 1B
 000                                        CONSTANT ascii_HASH, 23
 000                                        CONSTANT ascii_SPACE, 20
 000                                        CONSTANT ascii_MINUS, 2D
 000                                        CONSTANT ascii_SLASH, 2F
 000                                        CONSTANT ascii_0, 30
 000                                        CONSTANT ascii_1, 31
 000                                        CONSTANT ascii_2, 32
 000                                        CONSTANT ascii_3, 33
 000                                        CONSTANT ascii_4, 34
 000                                        CONSTANT ascii_5, 35
 000                                        CONSTANT ascii_6, 36
 000                                        CONSTANT ascii_7, 37
 000                                        CONSTANT ascii_8, 38
 000                                        CONSTANT ascii_9, 39
 000                                        CONSTANT ascii_COLON, 3A
 000                                        CONSTANT ascii_EQUALS, 3D
 000                                        CONSTANT ascii_A, 41
 000                                        CONSTANT ascii_B, 42
 000                                        CONSTANT ascii_C, 43
 000                                        CONSTANT ascii_D, 44
 000                                        CONSTANT ascii_E, 45
 000                                        CONSTANT ascii_F, 46
 000                                        CONSTANT ascii_H, 48
 000                                        CONSTANT ascii_I, 49
 000                                        CONSTANT ascii_J, 4A
 000                                        CONSTANT ascii_K, 4B
 000                                        CONSTANT ascii_L, 4C
 000                                        CONSTANT ascii_M, 4D
 000                                        CONSTANT ascii_N, 4E
 000                                        CONSTANT ascii_O, 4F
 000                                        CONSTANT ascii_P, 50
 000                                        CONSTANT ascii_Q, 51
 000                                        CONSTANT ascii_R, 52
 000                                        CONSTANT ascii_S, 53
 000                                        CONSTANT ascii_T, 54
 000                                        CONSTANT ascii_U, 55
 000                                        CONSTANT ascii_V, 56
 000                                        CONSTANT ascii_W, 57
 000                                        CONSTANT ascii_X, 58
 000                                        CONSTANT ascii_Y, 59
 000                                        CONSTANT ascii_Z, 5A
 000                                        CONSTANT ascii_LBRACK, 5B
 000                                        CONSTANT ascii_RBRACK, 5D
 000                                        CONSTANT ascii_a, 61
 000                                        CONSTANT ascii_c, 63
 000                                        CONSTANT ascii_d, 64
 000                                        CONSTANT ascii_e, 65
 000                                        CONSTANT ascii_f, 66
 000                                        CONSTANT ascii_g, 67
 000                                        CONSTANT ascii_h, 68
 000                                        CONSTANT ascii_i, 69
 000                                        CONSTANT ascii_j, 6A
 000                                        CONSTANT ascii_k, 6B
 000                                        CONSTANT ascii_l, 6C
 000                                        CONSTANT ascii_m, 6D
 000                                        CONSTANT ascii_n, 6E
 000                                        CONSTANT ascii_o, 6F
 000                                        CONSTANT ascii_p, 70
 000                                        CONSTANT ascii_q, 71
 000                                        CONSTANT ascii_r, 72
 000                                        CONSTANT ascii_s, 73
 000                                        CONSTANT ascii_t, 74
 000                                        CONSTANT ascii_u, 75
 000                                        CONSTANT ascii_v, 76
 000                                        CONSTANT ascii_w, 77
 000                                        CONSTANT ascii_x, 78
 000                                        CONSTANT ascii_y, 79
 000                                        CONSTANT ascii_z, 7A
 000                                        CONSTANT ascii_CR, 0D
 000                                        CONSTANT ascii_LF, 0A
 000                            cold_start: 
 000  200F1                                 CALL 0F1[init_ui_state]
 001  20153                                 CALL 153[redraw_screen]
 002                             main_loop: 
 002  20126                                 CALL 126[check_background_status]
 003  09104                                 INPUT s1, 04[data_present]
 004  0D101                                 TEST s1, 01
 005  32002                                 JUMP Z, 002[main_loop]
 006  09602                                 INPUT s6, 02[uart_data_rx]
 007  1D60D                                 COMPARE s6, 0D[ascii_CR]
 008  32002                                 JUMP Z, 002[main_loop]
 009  1D60A                                 COMPARE s6, 0A[ascii_LF]
 00A  32002                                 JUMP Z, 002[main_loop]
 00B  1D631                                 COMPARE s6, 31[ascii_1]
 00C  320BE                                 JUMP Z, 0BE[do_play]
 00D  1D632                                 COMPARE s6, 32[ascii_2]
 00E  320C5                                 JUMP Z, 0C5[do_record]
 00F  1D633                                 COMPARE s6, 33[ascii_3]
 010  320D7                                 JUMP Z, 0D7[do_stop]
 011  1D634                                 COMPARE s6, 34[ascii_4]
 012  320DC                                 JUMP Z, 0DC[do_pause_resume]
 013  1D635                                 COMPARE s6, 35[ascii_5]
 014  320CC                                 JUMP Z, 0CC[do_delete]
 015  1D636                                 COMPARE s6, 36[ascii_6]
 016  320D2                                 JUMP Z, 0D2[do_delete_all]
 017  1D65B                                 COMPARE s6, 5B[ascii_LBRACK]
 018  32028                                 JUMP Z, 028[slot_left_key]
 019  1D65D                                 COMPARE s6, 5D[ascii_RBRACK]
 01A  32029                                 JUMP Z, 029[slot_right_key]
 01B  1D62D                                 COMPARE s6, 2D[ascii_MINUS]
 01C  32044                                 JUMP Z, 044[volume_down]
 01D  1D63D                                 COMPARE s6, 3D[ascii_EQUALS]
 01E  32081                                 JUMP Z, 081[volume_up]
 01F  1D620                                 COMPARE s6, 20[ascii_SPACE]
 020  320E1                                 JUMP Z, 0E1[redraw_only]
 021  01B0A                                 LOAD sB, 0A[ui_unknown_key]
 022  2014E                                 CALL 14E[set_status_and_redraw]
 023  22002                                 JUMP 002[main_loop]
 024                              focus_up: 
 024  22002                                 JUMP 002[main_loop]
 025                            focus_down: 
 025  22002                                 JUMP 002[main_loop]
 026                           adjust_left: 
 026  22002                                 JUMP 002[main_loop]
 027                          adjust_right: 
 027  22002                                 JUMP 002[main_loop]
 028                         slot_left_key: 
 028  2202A                                 JUMP 02A[slot_left]
 029                        slot_right_key: 
 029  22037                                 JUMP 037[slot_right]
 02A                             slot_left: 
 02A  1D800                                 COMPARE s8, 00
 02B  32002                                 JUMP Z, 002[main_loop]
 02C  1D801                                 COMPARE s8, 01
 02D  32032                                 JUMP Z, 032[slot_left_to_0]
 02E  1D802                                 COMPARE s8, 02
 02F  32034                                 JUMP Z, 034[slot_left_to_1]
 030  01802                                 LOAD s8, 02
 031  22035                                 JUMP 035[slot_left_done]
 032                        slot_left_to_0: 
 032  01800                                 LOAD s8, 00
 033  22035                                 JUMP 035[slot_left_done]
 034                        slot_left_to_1: 
 034  01801                                 LOAD s8, 01
 035                        slot_left_done: 
 035  2010A                                 CALL 10A[write_selected_message_reg]
 036  22002                                 JUMP 002[main_loop]
 037                            slot_right: 
 037  1D803                                 COMPARE s8, 03
 038  32002                                 JUMP Z, 002[main_loop]
 039  1D800                                 COMPARE s8, 00
 03A  3203F                                 JUMP Z, 03F[slot_right_to_1]
 03B  1D801                                 COMPARE s8, 01
 03C  32041                                 JUMP Z, 041[slot_right_to_2]
 03D  01803                                 LOAD s8, 03
 03E  22042                                 JUMP 042[slot_right_done]
 03F                       slot_right_to_1: 
 03F  01801                                 LOAD s8, 01
 040  22042                                 JUMP 042[slot_right_done]
 041                       slot_right_to_2: 
 041  01802                                 LOAD s8, 02
 042                       slot_right_done: 
 042  2010A                                 CALL 10A[write_selected_message_reg]
 043  22002                                 JUMP 002[main_loop]
 044                           volume_down: 
 044  1D900                                 COMPARE s9, 00
 045  32002                                 JUMP Z, 002[main_loop]
 046  1D901                                 COMPARE s9, 01
 047  32064                                 JUMP Z, 064[volume_down_to_0]
 048  1D902                                 COMPARE s9, 02
 049  32066                                 JUMP Z, 066[volume_down_to_1]
 04A  1D903                                 COMPARE s9, 03
 04B  32068                                 JUMP Z, 068[volume_down_to_2]
 04C  1D904                                 COMPARE s9, 04
 04D  3206A                                 JUMP Z, 06A[volume_down_to_3]
 04E  1D905                                 COMPARE s9, 05
 04F  3206C                                 JUMP Z, 06C[volume_down_to_4]
 050  1D906                                 COMPARE s9, 06
 051  3206E                                 JUMP Z, 06E[volume_down_to_5]
 052  1D907                                 COMPARE s9, 07
 053  32070                                 JUMP Z, 070[volume_down_to_6]
 054  1D908                                 COMPARE s9, 08
 055  32072                                 JUMP Z, 072[volume_down_to_7]
 056  1D909                                 COMPARE s9, 09
 057  32074                                 JUMP Z, 074[volume_down_to_8]
 058  1D90A                                 COMPARE s9, 0A
 059  32076                                 JUMP Z, 076[volume_down_to_9]
 05A  1D90B                                 COMPARE s9, 0B
 05B  32078                                 JUMP Z, 078[volume_down_to_A]
 05C  1D90C                                 COMPARE s9, 0C
 05D  3207A                                 JUMP Z, 07A[volume_down_to_B]
 05E  1D90D                                 COMPARE s9, 0D
 05F  3207C                                 JUMP Z, 07C[volume_down_to_C]
 060  1D90E                                 COMPARE s9, 0E
 061  3207E                                 JUMP Z, 07E[volume_down_to_D]
 062  0190E                                 LOAD s9, 0E
 063  2207F                                 JUMP 07F[volume_down_done]
 064                      volume_down_to_0: 
 064  01900                                 LOAD s9, 00
 065  2207F                                 JUMP 07F[volume_down_done]
 066                      volume_down_to_1: 
 066  01901                                 LOAD s9, 01
 067  2207F                                 JUMP 07F[volume_down_done]
 068                      volume_down_to_2: 
 068  01902                                 LOAD s9, 02
 069  2207F                                 JUMP 07F[volume_down_done]
 06A                      volume_down_to_3: 
 06A  01903                                 LOAD s9, 03
 06B  2207F                                 JUMP 07F[volume_down_done]
 06C                      volume_down_to_4: 
 06C  01904                                 LOAD s9, 04
 06D  2207F                                 JUMP 07F[volume_down_done]
 06E                      volume_down_to_5: 
 06E  01905                                 LOAD s9, 05
 06F  2207F                                 JUMP 07F[volume_down_done]
 070                      volume_down_to_6: 
 070  01906                                 LOAD s9, 06
 071  2207F                                 JUMP 07F[volume_down_done]
 072                      volume_down_to_7: 
 072  01907                                 LOAD s9, 07
 073  2207F                                 JUMP 07F[volume_down_done]
 074                      volume_down_to_8: 
 074  01908                                 LOAD s9, 08
 075  2207F                                 JUMP 07F[volume_down_done]
 076                      volume_down_to_9: 
 076  01909                                 LOAD s9, 09
 077  2207F                                 JUMP 07F[volume_down_done]
 078                      volume_down_to_A: 
 078  0190A                                 LOAD s9, 0A
 079  2207F                                 JUMP 07F[volume_down_done]
 07A                      volume_down_to_B: 
 07A  0190B                                 LOAD s9, 0B
 07B  2207F                                 JUMP 07F[volume_down_done]
 07C                      volume_down_to_C: 
 07C  0190C                                 LOAD s9, 0C
 07D  2207F                                 JUMP 07F[volume_down_done]
 07E                      volume_down_to_D: 
 07E  0190D                                 LOAD s9, 0D
 07F                      volume_down_done: 
 07F  200FD                                 CALL 0FD[apply_volume_update]
 080  22002                                 JUMP 002[main_loop]
 081                             volume_up: 
 081  1D90F                                 COMPARE s9, 0F
 082  32002                                 JUMP Z, 002[main_loop]
 083  1D900                                 COMPARE s9, 00
 084  320A1                                 JUMP Z, 0A1[volume_up_to_1]
 085  1D901                                 COMPARE s9, 01
 086  320A3                                 JUMP Z, 0A3[volume_up_to_2]
 087  1D902                                 COMPARE s9, 02
 088  320A5                                 JUMP Z, 0A5[volume_up_to_3]
 089  1D903                                 COMPARE s9, 03
 08A  320A7                                 JUMP Z, 0A7[volume_up_to_4]
 08B  1D904                                 COMPARE s9, 04
 08C  320A9                                 JUMP Z, 0A9[volume_up_to_5]
 08D  1D905                                 COMPARE s9, 05
 08E  320AB                                 JUMP Z, 0AB[volume_up_to_6]
 08F  1D906                                 COMPARE s9, 06
 090  320AD                                 JUMP Z, 0AD[volume_up_to_7]
 091  1D907                                 COMPARE s9, 07
 092  320AF                                 JUMP Z, 0AF[volume_up_to_8]
 093  1D908                                 COMPARE s9, 08
 094  320B1                                 JUMP Z, 0B1[volume_up_to_9]
 095  1D909                                 COMPARE s9, 09
 096  320B3                                 JUMP Z, 0B3[volume_up_to_A]
 097  1D90A                                 COMPARE s9, 0A
 098  320B5                                 JUMP Z, 0B5[volume_up_to_B]
 099  1D90B                                 COMPARE s9, 0B
 09A  320B7                                 JUMP Z, 0B7[volume_up_to_C]
 09B  1D90C                                 COMPARE s9, 0C
 09C  320B9                                 JUMP Z, 0B9[volume_up_to_D]
 09D  1D90D                                 COMPARE s9, 0D
 09E  320BB                                 JUMP Z, 0BB[volume_up_to_E]
 09F  0190F                                 LOAD s9, 0F
 0A0  220BC                                 JUMP 0BC[volume_up_done]
 0A1                        volume_up_to_1: 
 0A1  01901                                 LOAD s9, 01
 0A2  220BC                                 JUMP 0BC[volume_up_done]
 0A3                        volume_up_to_2: 
 0A3  01902                                 LOAD s9, 02
 0A4  220BC                                 JUMP 0BC[volume_up_done]
 0A5                        volume_up_to_3: 
 0A5  01903                                 LOAD s9, 03
 0A6  220BC                                 JUMP 0BC[volume_up_done]
 0A7                        volume_up_to_4: 
 0A7  01904                                 LOAD s9, 04
 0A8  220BC                                 JUMP 0BC[volume_up_done]
 0A9                        volume_up_to_5: 
 0A9  01905                                 LOAD s9, 05
 0AA  220BC                                 JUMP 0BC[volume_up_done]
 0AB                        volume_up_to_6: 
 0AB  01906                                 LOAD s9, 06
 0AC  220BC                                 JUMP 0BC[volume_up_done]
 0AD                        volume_up_to_7: 
 0AD  01907                                 LOAD s9, 07
 0AE  220BC                                 JUMP 0BC[volume_up_done]
 0AF                        volume_up_to_8: 
 0AF  01908                                 LOAD s9, 08
 0B0  220BC                                 JUMP 0BC[volume_up_done]
 0B1                        volume_up_to_9: 
 0B1  01909                                 LOAD s9, 09
 0B2  220BC                                 JUMP 0BC[volume_up_done]
 0B3                        volume_up_to_A: 
 0B3  0190A                                 LOAD s9, 0A
 0B4  220BC                                 JUMP 0BC[volume_up_done]
 0B5                        volume_up_to_B: 
 0B5  0190B                                 LOAD s9, 0B
 0B6  220BC                                 JUMP 0BC[volume_up_done]
 0B7                        volume_up_to_C: 
 0B7  0190C                                 LOAD s9, 0C
 0B8  220BC                                 JUMP 0BC[volume_up_done]
 0B9                        volume_up_to_D: 
 0B9  0190D                                 LOAD s9, 0D
 0BA  220BC                                 JUMP 0BC[volume_up_done]
 0BB                        volume_up_to_E: 
 0BB  0190E                                 LOAD s9, 0E
 0BC                        volume_up_done: 
 0BC  200FD                                 CALL 0FD[apply_volume_update]
 0BD  22002                                 JUMP 002[main_loop]
 0BE                               do_play: 
 0BE  2010A                                 CALL 10A[write_selected_message_reg]
 0BF  2010D                                 CALL 10D[write_volume_reg]
 0C0  01401                                 LOAD s4, 01[cmd_play]
 0C1  2011F                                 CALL 11F[issue_command]
 0C2  01B09                                 LOAD sB, 09[ui_command_sent]
 0C3  2014E                                 CALL 14E[set_status_and_redraw]
 0C4  22002                                 JUMP 002[main_loop]
 0C5                             do_record: 
 0C5  2010A                                 CALL 10A[write_selected_message_reg]
 0C6  2010D                                 CALL 10D[write_volume_reg]
 0C7  01402                                 LOAD s4, 02[cmd_record]
 0C8  2011F                                 CALL 11F[issue_command]
 0C9  01B09                                 LOAD sB, 09[ui_command_sent]
 0CA  2014E                                 CALL 14E[set_status_and_redraw]
 0CB  22002                                 JUMP 002[main_loop]
 0CC                             do_delete: 
 0CC  2010A                                 CALL 10A[write_selected_message_reg]
 0CD  01403                                 LOAD s4, 03[cmd_delete]
 0CE  2011F                                 CALL 11F[issue_command]
 0CF  01B09                                 LOAD sB, 09[ui_command_sent]
 0D0  2014E                                 CALL 14E[set_status_and_redraw]
 0D1  22002                                 JUMP 002[main_loop]
 0D2                         do_delete_all: 
 0D2  01404                                 LOAD s4, 04[cmd_delete_all]
 0D3  2011F                                 CALL 11F[issue_command]
 0D4  01B09                                 LOAD sB, 09[ui_command_sent]
 0D5  2014E                                 CALL 14E[set_status_and_redraw]
 0D6  22002                                 JUMP 002[main_loop]
 0D7                               do_stop: 
 0D7  01406                                 LOAD s4, 06[cmd_stop]
 0D8  2011F                                 CALL 11F[issue_command]
 0D9  01B09                                 LOAD sB, 09[ui_command_sent]
 0DA  2014E                                 CALL 14E[set_status_and_redraw]
 0DB  22002                                 JUMP 002[main_loop]
 0DC                       do_pause_resume: 
 0DC  01407                                 LOAD s4, 07[cmd_pause_resume]
 0DD  2011F                                 CALL 11F[issue_command]
 0DE  01B09                                 LOAD sB, 09[ui_command_sent]
 0DF  2014E                                 CALL 14E[set_status_and_redraw]
 0E0  22002                                 JUMP 002[main_loop]
 0E1                           redraw_only: 
 0E1  20153                                 CALL 153[redraw_screen]
 0E2  22002                                 JUMP 002[main_loop]
 0E3                        toggle_monitor: 
 0E3  1DC00                                 COMPARE sC, 00
 0E4  320E7                                 JUMP Z, 0E7[monitor_on]
 0E5  01C00                                 LOAD sC, 00
 0E6  220E8                                 JUMP 0E8[monitor_done]
 0E7                            monitor_on: 
 0E7  01C01                                 LOAD sC, 01
 0E8                          monitor_done: 
 0E8  20110                                 CALL 110[write_audio_debug_reg]
 0E9  22002                                 JUMP 002[main_loop]
 0EA                           toggle_tone: 
 0EA  1DD00                                 COMPARE sD, 00
 0EB  320EE                                 JUMP Z, 0EE[tone_on]
 0EC  01D00                                 LOAD sD, 00
 0ED  220EF                                 JUMP 0EF[tone_done]
 0EE                               tone_on: 
 0EE  01D01                                 LOAD sD, 01
 0EF                             tone_done: 
 0EF  20110                                 CALL 110[write_audio_debug_reg]
 0F0  22002                                 JUMP 002[main_loop]
 0F1                         init_ui_state: 
 0F1  01700                                 LOAD s7, 00[focus_slot]
 0F2  09811                                 INPUT s8, 11[selected_message]
 0F3  03803                                 AND s8, 03
 0F4  09912                                 INPUT s9, 12[volume_setting]
 0F5  0390F                                 AND s9, 0F
 0F6  01C00                                 LOAD sC, 00
 0F7  01D00                                 LOAD sD, 00
 0F8  01A00                                 LOAD sA, 00[ui_idle]
 0F9  2010A                                 CALL 10A[write_selected_message_reg]
 0FA  2010D                                 CALL 10D[write_volume_reg]
 0FB  20110                                 CALL 110[write_audio_debug_reg]
 0FC  25000                                 RETURN 
 0FD                   apply_volume_update: 
 0FD  2010D                                 CALL 10D[write_volume_reg]
 0FE  09110                                 INPUT s1, 10[recorder_status]
 0FF  0D102                                 TEST s1, 02[stat_recording]
 100  35000                                 RETURN NZ
 101  0D104                                 TEST s1, 04[stat_playing]
 102  36107                                 JUMP NZ, 107[apply_volume_command]
 103  0D108                                 TEST s1, 08[stat_paused]
 104  36107                                 JUMP NZ, 107[apply_volume_command]
 105  0D101                                 TEST s1, 01[stat_busy]
 106  35000                                 RETURN NZ
 107                  apply_volume_command: 
 107  01405                                 LOAD s4, 05[cmd_volume]
 108  2011F                                 CALL 11F[issue_command]
 109  25000                                 RETURN 
 10A            write_selected_message_reg: 
 10A  00480                                 LOAD s4, s8
 10B  2D411                                 OUTPUT s4, 11[selected_message]
 10C  25000                                 RETURN 
 10D                      write_volume_reg: 
 10D  00490                                 LOAD s4, s9
 10E  2D412                                 OUTPUT s4, 12[volume_setting]
 10F  25000                                 RETURN 
 110                 write_audio_debug_reg: 
 110  1DC00                                 COMPARE sC, 00
 111  32116                                 JUMP Z, 116[audio_debug_monitor_off]
 112  1DD00                                 COMPARE sD, 00
 113  3211C                                 JUMP Z, 11C[audio_debug_01]
 114  01403                                 LOAD s4, 03
 115  2211D                                 JUMP 11D[audio_debug_write]
 116               audio_debug_monitor_off: 
 116  1DD00                                 COMPARE sD, 00
 117  3211A                                 JUMP Z, 11A[audio_debug_00]
 118  01402                                 LOAD s4, 02
 119  2211D                                 JUMP 11D[audio_debug_write]
 11A                        audio_debug_00: 
 11A  01400                                 LOAD s4, 00
 11B  2211D                                 JUMP 11D[audio_debug_write]
 11C                        audio_debug_01: 
 11C  01401                                 LOAD s4, 01
 11D                     audio_debug_write: 
 11D  2D421                                 OUTPUT s4, 21[audio_debug_ctrl]
 11E  25000                                 RETURN 
 11F                         issue_command: 
 11F  01501                                 LOAD s5, 01[ctl_clear_status]
 120  2D513                                 OUTPUT s5, 13[control_port]
 121  2D410                                 OUTPUT s4, 10[recorder_status]
 122  25000                                 RETURN 
 123                       clear_hw_status: 
 123  01501                                 LOAD s5, 01[ctl_clear_status]
 124  2D513                                 OUTPUT s5, 13[control_port]
 125  25000                                 RETURN 
 126               check_background_status: 
 126  09110                                 INPUT s1, 10[recorder_status]
 127  0D120                                 TEST s1, 20[stat_invalid]
 128  3613A                                 JUMP NZ, 13A[background_rejected]
 129  0D110                                 TEST s1, 10[stat_done]
 12A  3613E                                 JUMP NZ, 13E[background_done]
 12B  0D108                                 TEST s1, 08[stat_paused]
 12C  36142                                 JUMP NZ, 142[background_paused]
 12D  0D104                                 TEST s1, 04[stat_playing]
 12E  36145                                 JUMP NZ, 145[background_playing]
 12F  0D102                                 TEST s1, 02[stat_recording]
 130  36148                                 JUMP NZ, 148[background_recording]
 131  0D101                                 TEST s1, 01[stat_busy]
 132  3614B                                 JUMP NZ, 14B[background_busy]
 133  1DA07                                 COMPARE sA, 07[ui_slot_updated]
 134  3E139                                 JUMP NC, 139[background_return]
 135  1DA00                                 COMPARE sA, 00[ui_idle]
 136  32139                                 JUMP Z, 139[background_return]
 137  01B00                                 LOAD sB, 00[ui_idle]
 138  2014E                                 CALL 14E[set_status_and_redraw]
 139                     background_return: 
 139  25000                                 RETURN 
 13A                   background_rejected: 
 13A  01B06                                 LOAD sB, 06[ui_rejected]
 13B  20123                                 CALL 123[clear_hw_status]
 13C  2014E                                 CALL 14E[set_status_and_redraw]
 13D  25000                                 RETURN 
 13E                       background_done: 
 13E  01B05                                 LOAD sB, 05[ui_done]
 13F  20123                                 CALL 123[clear_hw_status]
 140  2014E                                 CALL 14E[set_status_and_redraw]
 141  25000                                 RETURN 
 142                     background_paused: 
 142  01B03                                 LOAD sB, 03[ui_paused]
 143  2014E                                 CALL 14E[set_status_and_redraw]
 144  25000                                 RETURN 
 145                    background_playing: 
 145  01B02                                 LOAD sB, 02[ui_playing]
 146  2014E                                 CALL 14E[set_status_and_redraw]
 147  25000                                 RETURN 
 148                  background_recording: 
 148  01B01                                 LOAD sB, 01[ui_recording]
 149  2014E                                 CALL 14E[set_status_and_redraw]
 14A  25000                                 RETURN 
 14B                       background_busy: 
 14B  01B04                                 LOAD sB, 04[ui_busy]
 14C  2014E                                 CALL 14E[set_status_and_redraw]
 14D  25000                                 RETURN 
 14E                 set_status_and_redraw: 
 14E  1CAB0                                 COMPARE sA, sB
 14F  31000                                 RETURN Z
 150  00AB0                                 LOAD sA, sB
 151  2015F                                 CALL 15F[print_compact_update]
 152  25000                                 RETURN 
 153                         redraw_screen: 
 153  2016F                                 CALL 16F[clear_screen]
 154  2017E                                 CALL 17E[print_header]
 155  201A4                                 CALL 1A4[print_status_line]
 156  201BB                                 CALL 1BB[print_slot_line]
 157  201D0                                 CALL 1D0[print_volume_line]
 158  2020E                                 CALL 20E[print_audio_debug_line]
 159  201F2                                 CALL 1F2[print_focus_line]
 15A  20256                                 CALL 256[print_help_line_1]
 15B  20282                                 CALL 282[print_help_line_2]
 15C  202AE                                 CALL 2AE[print_help_line_3]
 15D  202D4                                 CALL 2D4[print_help_line_4]
 15E  25000                                 RETURN 
 15F                  print_compact_update: 
 15F  20608                                 CALL 608[send_crlf]
 160  201A7                                 CALL 1A7[print_status_line_inline]
 161  01320                                 LOAD s3, 20[ascii_SPACE]
 162  2060D                                 CALL 60D[send_uart_byte]
 163  201BE                                 CALL 1BE[print_slot_line_inline]
 164  01320                                 LOAD s3, 20[ascii_SPACE]
 165  2060D                                 CALL 60D[send_uart_byte]
 166  201D3                                 CALL 1D3[print_volume_line_inline]
 167  01320                                 LOAD s3, 20[ascii_SPACE]
 168  2060D                                 CALL 60D[send_uart_byte]
 169  20211                                 CALL 211[print_audio_debug_line_inline]
 16A  01320                                 LOAD s3, 20[ascii_SPACE]
 16B  2060D                                 CALL 60D[send_uart_byte]
 16C  201F5                                 CALL 1F5[print_focus_line_inline]
 16D  20608                                 CALL 608[send_crlf]
 16E  25000                                 RETURN 
 16F                          clear_screen: 
 16F  0131B                                 LOAD s3, 1B[ascii_ESC]
 170  2060D                                 CALL 60D[send_uart_byte]
 171  0135B                                 LOAD s3, 5B[ascii_LBRACK]
 172  2060D                                 CALL 60D[send_uart_byte]
 173  01332                                 LOAD s3, 32[ascii_2]
 174  2060D                                 CALL 60D[send_uart_byte]
 175  0134A                                 LOAD s3, 4A[ascii_J]
 176  2060D                                 CALL 60D[send_uart_byte]
 177  0131B                                 LOAD s3, 1B[ascii_ESC]
 178  2060D                                 CALL 60D[send_uart_byte]
 179  0135B                                 LOAD s3, 5B[ascii_LBRACK]
 17A  2060D                                 CALL 60D[send_uart_byte]
 17B  01348                                 LOAD s3, 48[ascii_H]
 17C  2060D                                 CALL 60D[send_uart_byte]
 17D  25000                                 RETURN 
 17E                          print_header: 
 17E  01356                                 LOAD s3, 56[ascii_V]
 17F  2060D                                 CALL 60D[send_uart_byte]
 180  0136F                                 LOAD s3, 6F[ascii_o]
 181  2060D                                 CALL 60D[send_uart_byte]
 182  01369                                 LOAD s3, 69[ascii_i]
 183  2060D                                 CALL 60D[send_uart_byte]
 184  01363                                 LOAD s3, 63[ascii_c]
 185  2060D                                 CALL 60D[send_uart_byte]
 186  01365                                 LOAD s3, 65[ascii_e]
 187  2060D                                 CALL 60D[send_uart_byte]
 188  01320                                 LOAD s3, 20[ascii_SPACE]
 189  2060D                                 CALL 60D[send_uart_byte]
 18A  0134D                                 LOAD s3, 4D[ascii_M]
 18B  2060D                                 CALL 60D[send_uart_byte]
 18C  01365                                 LOAD s3, 65[ascii_e]
 18D  2060D                                 CALL 60D[send_uart_byte]
 18E  0136D                                 LOAD s3, 6D[ascii_m]
 18F  2060D                                 CALL 60D[send_uart_byte]
 190  0136F                                 LOAD s3, 6F[ascii_o]
 191  2060D                                 CALL 60D[send_uart_byte]
 192  01320                                 LOAD s3, 20[ascii_SPACE]
 193  2060D                                 CALL 60D[send_uart_byte]
 194  01353                                 LOAD s3, 53[ascii_S]
 195  2060D                                 CALL 60D[send_uart_byte]
 196  01374                                 LOAD s3, 74[ascii_t]
 197  2060D                                 CALL 60D[send_uart_byte]
 198  01361                                 LOAD s3, 61[ascii_a]
 199  2060D                                 CALL 60D[send_uart_byte]
 19A  01374                                 LOAD s3, 74[ascii_t]
 19B  2060D                                 CALL 60D[send_uart_byte]
 19C  01369                                 LOAD s3, 69[ascii_i]
 19D  2060D                                 CALL 60D[send_uart_byte]
 19E  0136F                                 LOAD s3, 6F[ascii_o]
 19F  2060D                                 CALL 60D[send_uart_byte]
 1A0  0136E                                 LOAD s3, 6E[ascii_n]
 1A1  2060D                                 CALL 60D[send_uart_byte]
 1A2  20608                                 CALL 608[send_crlf]
 1A3  25000                                 RETURN 
 1A4                     print_status_line: 
 1A4  201A7                                 CALL 1A7[print_status_line_inline]
 1A5  20608                                 CALL 608[send_crlf]
 1A6  25000                                 RETURN 
 1A7              print_status_line_inline: 
 1A7  01353                                 LOAD s3, 53[ascii_S]
 1A8  2060D                                 CALL 60D[send_uart_byte]
 1A9  01374                                 LOAD s3, 74[ascii_t]
 1AA  2060D                                 CALL 60D[send_uart_byte]
 1AB  01361                                 LOAD s3, 61[ascii_a]
 1AC  2060D                                 CALL 60D[send_uart_byte]
 1AD  01374                                 LOAD s3, 74[ascii_t]
 1AE  2060D                                 CALL 60D[send_uart_byte]
 1AF  01365                                 LOAD s3, 65[ascii_e]
 1B0  2060D                                 CALL 60D[send_uart_byte]
 1B1  01320                                 LOAD s3, 20[ascii_SPACE]
 1B2  2060D                                 CALL 60D[send_uart_byte]
 1B3  01320                                 LOAD s3, 20[ascii_SPACE]
 1B4  2060D                                 CALL 60D[send_uart_byte]
 1B5  0133A                                 LOAD s3, 3A[ascii_COLON]
 1B6  2060D                                 CALL 60D[send_uart_byte]
 1B7  01320                                 LOAD s3, 20[ascii_SPACE]
 1B8  2060D                                 CALL 60D[send_uart_byte]
 1B9  202EC                                 CALL 2EC[print_status_text]
 1BA  25000                                 RETURN 
 1BB                       print_slot_line: 
 1BB  201BE                                 CALL 1BE[print_slot_line_inline]
 1BC  20608                                 CALL 608[send_crlf]
 1BD  25000                                 RETURN 
 1BE                print_slot_line_inline: 
 1BE  01354                                 LOAD s3, 54[ascii_T]
 1BF  2060D                                 CALL 60D[send_uart_byte]
 1C0  01372                                 LOAD s3, 72[ascii_r]
 1C1  2060D                                 CALL 60D[send_uart_byte]
 1C2  01361                                 LOAD s3, 61[ascii_a]
 1C3  2060D                                 CALL 60D[send_uart_byte]
 1C4  01363                                 LOAD s3, 63[ascii_c]
 1C5  2060D                                 CALL 60D[send_uart_byte]
 1C6  0136B                                 LOAD s3, 6B[ascii_k]
 1C7  2060D                                 CALL 60D[send_uart_byte]
 1C8  01320                                 LOAD s3, 20[ascii_SPACE]
 1C9  2060D                                 CALL 60D[send_uart_byte]
 1CA  0133A                                 LOAD s3, 3A[ascii_COLON]
 1CB  2060D                                 CALL 60D[send_uart_byte]
 1CC  01320                                 LOAD s3, 20[ascii_SPACE]
 1CD  2060D                                 CALL 60D[send_uart_byte]
 1CE  20244                                 CALL 244[print_slot_value]
 1CF  25000                                 RETURN 
 1D0                     print_volume_line: 
 1D0  201D3                                 CALL 1D3[print_volume_line_inline]
 1D1  20608                                 CALL 608[send_crlf]
 1D2  25000                                 RETURN 
 1D3              print_volume_line_inline: 
 1D3  0134C                                 LOAD s3, 4C[ascii_L]
 1D4  2060D                                 CALL 60D[send_uart_byte]
 1D5  01376                                 LOAD s3, 76[ascii_v]
 1D6  2060D                                 CALL 60D[send_uart_byte]
 1D7  0136C                                 LOAD s3, 6C[ascii_l]
 1D8  2060D                                 CALL 60D[send_uart_byte]
 1D9  01320                                 LOAD s3, 20[ascii_SPACE]
 1DA  2060D                                 CALL 60D[send_uart_byte]
 1DB  01320                                 LOAD s3, 20[ascii_SPACE]
 1DC  2060D                                 CALL 60D[send_uart_byte]
 1DD  01320                                 LOAD s3, 20[ascii_SPACE]
 1DE  2060D                                 CALL 60D[send_uart_byte]
 1DF  0133A                                 LOAD s3, 3A[ascii_COLON]
 1E0  2060D                                 CALL 60D[send_uart_byte]
 1E1  01320                                 LOAD s3, 20[ascii_SPACE]
 1E2  2060D                                 CALL 60D[send_uart_byte]
 1E3  20444                                 CALL 444[print_volume_value]
 1E4  0132F                                 LOAD s3, 2F[ascii_SLASH]
 1E5  2060D                                 CALL 60D[send_uart_byte]
 1E6  01331                                 LOAD s3, 31[ascii_1]
 1E7  2060D                                 CALL 60D[send_uart_byte]
 1E8  01335                                 LOAD s3, 35[ascii_5]
 1E9  2060D                                 CALL 60D[send_uart_byte]
 1EA  01320                                 LOAD s3, 20[ascii_SPACE]
 1EB  2060D                                 CALL 60D[send_uart_byte]
 1EC  0135B                                 LOAD s3, 5B[ascii_LBRACK]
 1ED  2060D                                 CALL 60D[send_uart_byte]
 1EE  204B3                                 CALL 4B3[print_volume_bar]
 1EF  0135D                                 LOAD s3, 5D[ascii_RBRACK]
 1F0  2060D                                 CALL 60D[send_uart_byte]
 1F1  25000                                 RETURN 
 1F2                      print_focus_line: 
 1F2  201F5                                 CALL 1F5[print_focus_line_inline]
 1F3  20608                                 CALL 608[send_crlf]
 1F4  25000                                 RETURN 
 1F5               print_focus_line_inline: 
 1F5  01343                                 LOAD s3, 43[ascii_C]
 1F6  2060D                                 CALL 60D[send_uart_byte]
 1F7  01374                                 LOAD s3, 74[ascii_t]
 1F8  2060D                                 CALL 60D[send_uart_byte]
 1F9  01372                                 LOAD s3, 72[ascii_r]
 1FA  2060D                                 CALL 60D[send_uart_byte]
 1FB  0136C                                 LOAD s3, 6C[ascii_l]
 1FC  2060D                                 CALL 60D[send_uart_byte]
 1FD  01320                                 LOAD s3, 20[ascii_SPACE]
 1FE  2060D                                 CALL 60D[send_uart_byte]
 1FF  01320                                 LOAD s3, 20[ascii_SPACE]
 200  2060D                                 CALL 60D[send_uart_byte]
 201  0133A                                 LOAD s3, 3A[ascii_COLON]
 202  2060D                                 CALL 60D[send_uart_byte]
 203  01320                                 LOAD s3, 20[ascii_SPACE]
 204  2060D                                 CALL 60D[send_uart_byte]
 205  1D700                                 COMPARE s7, 00[focus_slot]
 206  3223B                                 JUMP Z, 23B[print_focus_slot_inline]
 207  01356                                 LOAD s3, 56[ascii_V]
 208  2060D                                 CALL 60D[send_uart_byte]
 209  0134F                                 LOAD s3, 4F[ascii_O]
 20A  2060D                                 CALL 60D[send_uart_byte]
 20B  0134C                                 LOAD s3, 4C[ascii_L]
 20C  2060D                                 CALL 60D[send_uart_byte]
 20D  25000                                 RETURN 
 20E                print_audio_debug_line: 
 20E  20211                                 CALL 211[print_audio_debug_line_inline]
 20F  20608                                 CALL 608[send_crlf]
 210  25000                                 RETURN 
 211         print_audio_debug_line_inline: 
 211  01341                                 LOAD s3, 41[ascii_A]
 212  2060D                                 CALL 60D[send_uart_byte]
 213  01375                                 LOAD s3, 75[ascii_u]
 214  2060D                                 CALL 60D[send_uart_byte]
 215  01364                                 LOAD s3, 64[ascii_d]
 216  2060D                                 CALL 60D[send_uart_byte]
 217  01369                                 LOAD s3, 69[ascii_i]
 218  2060D                                 CALL 60D[send_uart_byte]
 219  0136F                                 LOAD s3, 6F[ascii_o]
 21A  2060D                                 CALL 60D[send_uart_byte]
 21B  01320                                 LOAD s3, 20[ascii_SPACE]
 21C  2060D                                 CALL 60D[send_uart_byte]
 21D  0133A                                 LOAD s3, 3A[ascii_COLON]
 21E  2060D                                 CALL 60D[send_uart_byte]
 21F  01320                                 LOAD s3, 20[ascii_SPACE]
 220  2060D                                 CALL 60D[send_uart_byte]
 221  0134D                                 LOAD s3, 4D[ascii_M]
 222  2060D                                 CALL 60D[send_uart_byte]
 223  0134F                                 LOAD s3, 4F[ascii_O]
 224  2060D                                 CALL 60D[send_uart_byte]
 225  0134E                                 LOAD s3, 4E[ascii_N]
 226  2060D                                 CALL 60D[send_uart_byte]
 227  01320                                 LOAD s3, 20[ascii_SPACE]
 228  2060D                                 CALL 60D[send_uart_byte]
 229  203DF                                 CALL 3DF[print_monitor_state]
 22A  01320                                 LOAD s3, 20[ascii_SPACE]
 22B  2060D                                 CALL 60D[send_uart_byte]
 22C  01354                                 LOAD s3, 54[ascii_T]
 22D  2060D                                 CALL 60D[send_uart_byte]
 22E  0134F                                 LOAD s3, 4F[ascii_O]
 22F  2060D                                 CALL 60D[send_uart_byte]
 230  0134E                                 LOAD s3, 4E[ascii_N]
 231  2060D                                 CALL 60D[send_uart_byte]
 232  01345                                 LOAD s3, 45[ascii_E]
 233  2060D                                 CALL 60D[send_uart_byte]
 234  01320                                 LOAD s3, 20[ascii_SPACE]
 235  2060D                                 CALL 60D[send_uart_byte]
 236  203E2                                 CALL 3E2[print_tone_state]
 237  25000                                 RETURN 
 238                      print_focus_slot: 
 238  2023B                                 CALL 23B[print_focus_slot_inline]
 239  20608                                 CALL 608[send_crlf]
 23A  25000                                 RETURN 
 23B               print_focus_slot_inline: 
 23B  01343                                 LOAD s3, 43[ascii_C]
 23C  2060D                                 CALL 60D[send_uart_byte]
 23D  01348                                 LOAD s3, 48[ascii_H]
 23E  2060D                                 CALL 60D[send_uart_byte]
 23F  01341                                 LOAD s3, 41[ascii_A]
 240  2060D                                 CALL 60D[send_uart_byte]
 241  0134E                                 LOAD s3, 4E[ascii_N]
 242  2060D                                 CALL 60D[send_uart_byte]
 243  25000                                 RETURN 
 244                      print_slot_value: 
 244  1D800                                 COMPARE s8, 00
 245  3224D                                 JUMP Z, 24D[print_slot_value_0]
 246  1D801                                 COMPARE s8, 01
 247  32250                                 JUMP Z, 250[print_slot_value_1]
 248  1D802                                 COMPARE s8, 02
 249  32253                                 JUMP Z, 253[print_slot_value_2]
 24A  01333                                 LOAD s3, 33[ascii_3]
 24B  2060D                                 CALL 60D[send_uart_byte]
 24C  25000                                 RETURN 
 24D                    print_slot_value_0: 
 24D  01330                                 LOAD s3, 30[ascii_0]
 24E  2060D                                 CALL 60D[send_uart_byte]
 24F  25000                                 RETURN 
 250                    print_slot_value_1: 
 250  01331                                 LOAD s3, 31[ascii_1]
 251  2060D                                 CALL 60D[send_uart_byte]
 252  25000                                 RETURN 
 253                    print_slot_value_2: 
 253  01332                                 LOAD s3, 32[ascii_2]
 254  2060D                                 CALL 60D[send_uart_byte]
 255  25000                                 RETURN 
 256                     print_help_line_1: 
 256  01331                                 LOAD s3, 31[ascii_1]
 257  2060D                                 CALL 60D[send_uart_byte]
 258  0133D                                 LOAD s3, 3D[ascii_EQUALS]
 259  2060D                                 CALL 60D[send_uart_byte]
 25A  01350                                 LOAD s3, 50[ascii_P]
 25B  2060D                                 CALL 60D[send_uart_byte]
 25C  0136C                                 LOAD s3, 6C[ascii_l]
 25D  2060D                                 CALL 60D[send_uart_byte]
 25E  01361                                 LOAD s3, 61[ascii_a]
 25F  2060D                                 CALL 60D[send_uart_byte]
 260  01379                                 LOAD s3, 79[ascii_y]
 261  2060D                                 CALL 60D[send_uart_byte]
 262  01320                                 LOAD s3, 20[ascii_SPACE]
 263  2060D                                 CALL 60D[send_uart_byte]
 264  01320                                 LOAD s3, 20[ascii_SPACE]
 265  2060D                                 CALL 60D[send_uart_byte]
 266  01332                                 LOAD s3, 32[ascii_2]
 267  2060D                                 CALL 60D[send_uart_byte]
 268  0133D                                 LOAD s3, 3D[ascii_EQUALS]
 269  2060D                                 CALL 60D[send_uart_byte]
 26A  01352                                 LOAD s3, 52[ascii_R]
 26B  2060D                                 CALL 60D[send_uart_byte]
 26C  01365                                 LOAD s3, 65[ascii_e]
 26D  2060D                                 CALL 60D[send_uart_byte]
 26E  01363                                 LOAD s3, 63[ascii_c]
 26F  2060D                                 CALL 60D[send_uart_byte]
 270  01320                                 LOAD s3, 20[ascii_SPACE]
 271  2060D                                 CALL 60D[send_uart_byte]
 272  01320                                 LOAD s3, 20[ascii_SPACE]
 273  2060D                                 CALL 60D[send_uart_byte]
 274  01333                                 LOAD s3, 33[ascii_3]
 275  2060D                                 CALL 60D[send_uart_byte]
 276  0133D                                 LOAD s3, 3D[ascii_EQUALS]
 277  2060D                                 CALL 60D[send_uart_byte]
 278  01353                                 LOAD s3, 53[ascii_S]
 279  2060D                                 CALL 60D[send_uart_byte]
 27A  01374                                 LOAD s3, 74[ascii_t]
 27B  2060D                                 CALL 60D[send_uart_byte]
 27C  0136F                                 LOAD s3, 6F[ascii_o]
 27D  2060D                                 CALL 60D[send_uart_byte]
 27E  01370                                 LOAD s3, 70[ascii_p]
 27F  2060D                                 CALL 60D[send_uart_byte]
 280  20608                                 CALL 608[send_crlf]
 281  25000                                 RETURN 
 282                     print_help_line_2: 
 282  01334                                 LOAD s3, 34[ascii_4]
 283  2060D                                 CALL 60D[send_uart_byte]
 284  0133D                                 LOAD s3, 3D[ascii_EQUALS]
 285  2060D                                 CALL 60D[send_uart_byte]
 286  01350                                 LOAD s3, 50[ascii_P]
 287  2060D                                 CALL 60D[send_uart_byte]
 288  01361                                 LOAD s3, 61[ascii_a]
 289  2060D                                 CALL 60D[send_uart_byte]
 28A  01375                                 LOAD s3, 75[ascii_u]
 28B  2060D                                 CALL 60D[send_uart_byte]
 28C  01373                                 LOAD s3, 73[ascii_s]
 28D  2060D                                 CALL 60D[send_uart_byte]
 28E  01365                                 LOAD s3, 65[ascii_e]
 28F  2060D                                 CALL 60D[send_uart_byte]
 290  01320                                 LOAD s3, 20[ascii_SPACE]
 291  2060D                                 CALL 60D[send_uart_byte]
 292  01320                                 LOAD s3, 20[ascii_SPACE]
 293  2060D                                 CALL 60D[send_uart_byte]
 294  01335                                 LOAD s3, 35[ascii_5]
 295  2060D                                 CALL 60D[send_uart_byte]
 296  0133D                                 LOAD s3, 3D[ascii_EQUALS]
 297  2060D                                 CALL 60D[send_uart_byte]
 298  01344                                 LOAD s3, 44[ascii_D]
 299  2060D                                 CALL 60D[send_uart_byte]
 29A  01365                                 LOAD s3, 65[ascii_e]
 29B  2060D                                 CALL 60D[send_uart_byte]
 29C  0136C                                 LOAD s3, 6C[ascii_l]
 29D  2060D                                 CALL 60D[send_uart_byte]
 29E  01320                                 LOAD s3, 20[ascii_SPACE]
 29F  2060D                                 CALL 60D[send_uart_byte]
 2A0  01320                                 LOAD s3, 20[ascii_SPACE]
 2A1  2060D                                 CALL 60D[send_uart_byte]
 2A2  01336                                 LOAD s3, 36[ascii_6]
 2A3  2060D                                 CALL 60D[send_uart_byte]
 2A4  0133D                                 LOAD s3, 3D[ascii_EQUALS]
 2A5  2060D                                 CALL 60D[send_uart_byte]
 2A6  01341                                 LOAD s3, 41[ascii_A]
 2A7  2060D                                 CALL 60D[send_uart_byte]
 2A8  0136C                                 LOAD s3, 6C[ascii_l]
 2A9  2060D                                 CALL 60D[send_uart_byte]
 2AA  0136C                                 LOAD s3, 6C[ascii_l]
 2AB  2060D                                 CALL 60D[send_uart_byte]
 2AC  20608                                 CALL 608[send_crlf]
 2AD  25000                                 RETURN 
 2AE                     print_help_line_3: 
 2AE  0135B                                 LOAD s3, 5B[ascii_LBRACK]
 2AF  2060D                                 CALL 60D[send_uart_byte]
 2B0  01320                                 LOAD s3, 20[ascii_SPACE]
 2B1  2060D                                 CALL 60D[send_uart_byte]
 2B2  0135D                                 LOAD s3, 5D[ascii_RBRACK]
 2B3  2060D                                 CALL 60D[send_uart_byte]
 2B4  0133D                                 LOAD s3, 3D[ascii_EQUALS]
 2B5  2060D                                 CALL 60D[send_uart_byte]
 2B6  01354                                 LOAD s3, 54[ascii_T]
 2B7  2060D                                 CALL 60D[send_uart_byte]
 2B8  01372                                 LOAD s3, 72[ascii_r]
 2B9  2060D                                 CALL 60D[send_uart_byte]
 2BA  01361                                 LOAD s3, 61[ascii_a]
 2BB  2060D                                 CALL 60D[send_uart_byte]
 2BC  01363                                 LOAD s3, 63[ascii_c]
 2BD  2060D                                 CALL 60D[send_uart_byte]
 2BE  0136B                                 LOAD s3, 6B[ascii_k]
 2BF  2060D                                 CALL 60D[send_uart_byte]
 2C0  01320                                 LOAD s3, 20[ascii_SPACE]
 2C1  2060D                                 CALL 60D[send_uart_byte]
 2C2  01320                                 LOAD s3, 20[ascii_SPACE]
 2C3  2060D                                 CALL 60D[send_uart_byte]
 2C4  0132D                                 LOAD s3, 2D[ascii_MINUS]
 2C5  2060D                                 CALL 60D[send_uart_byte]
 2C6  01320                                 LOAD s3, 20[ascii_SPACE]
 2C7  2060D                                 CALL 60D[send_uart_byte]
 2C8  0133D                                 LOAD s3, 3D[ascii_EQUALS]
 2C9  2060D                                 CALL 60D[send_uart_byte]
 2CA  0133D                                 LOAD s3, 3D[ascii_EQUALS]
 2CB  2060D                                 CALL 60D[send_uart_byte]
 2CC  01356                                 LOAD s3, 56[ascii_V]
 2CD  2060D                                 CALL 60D[send_uart_byte]
 2CE  0136F                                 LOAD s3, 6F[ascii_o]
 2CF  2060D                                 CALL 60D[send_uart_byte]
 2D0  0136C                                 LOAD s3, 6C[ascii_l]
 2D1  2060D                                 CALL 60D[send_uart_byte]
 2D2  20608                                 CALL 608[send_crlf]
 2D3  25000                                 RETURN 
 2D4                     print_help_line_4: 
 2D4  01353                                 LOAD s3, 53[ascii_S]
 2D5  2060D                                 CALL 60D[send_uart_byte]
 2D6  01350                                 LOAD s3, 50[ascii_P]
 2D7  2060D                                 CALL 60D[send_uart_byte]
 2D8  01343                                 LOAD s3, 43[ascii_C]
 2D9  2060D                                 CALL 60D[send_uart_byte]
 2DA  0133D                                 LOAD s3, 3D[ascii_EQUALS]
 2DB  2060D                                 CALL 60D[send_uart_byte]
 2DC  01352                                 LOAD s3, 52[ascii_R]
 2DD  2060D                                 CALL 60D[send_uart_byte]
 2DE  01365                                 LOAD s3, 65[ascii_e]
 2DF  2060D                                 CALL 60D[send_uart_byte]
 2E0  01366                                 LOAD s3, 66[ascii_f]
 2E1  2060D                                 CALL 60D[send_uart_byte]
 2E2  01372                                 LOAD s3, 72[ascii_r]
 2E3  2060D                                 CALL 60D[send_uart_byte]
 2E4  01365                                 LOAD s3, 65[ascii_e]
 2E5  2060D                                 CALL 60D[send_uart_byte]
 2E6  01373                                 LOAD s3, 73[ascii_s]
 2E7  2060D                                 CALL 60D[send_uart_byte]
 2E8  01368                                 LOAD s3, 68[ascii_h]
 2E9  2060D                                 CALL 60D[send_uart_byte]
 2EA  20608                                 CALL 608[send_crlf]
 2EB  25000                                 RETURN 
 2EC                     print_status_text: 
 2EC  1DA01                                 COMPARE sA, 01[ui_recording]
 2ED  3230D                                 JUMP Z, 30D[status_recording]
 2EE  1DA02                                 COMPARE sA, 02[ui_playing]
 2EF  32320                                 JUMP Z, 320[status_playing]
 2F0  1DA03                                 COMPARE sA, 03[ui_paused]
 2F1  3232F                                 JUMP Z, 32F[status_paused]
 2F2  1DA04                                 COMPARE sA, 04[ui_busy]
 2F3  3233C                                 JUMP Z, 33C[status_busy]
 2F4  1DA05                                 COMPARE sA, 05[ui_done]
 2F5  32345                                 JUMP Z, 345[status_done]
 2F6  1DA06                                 COMPARE sA, 06[ui_rejected]
 2F7  3234E                                 JUMP Z, 34E[status_rejected]
 2F8  1DA07                                 COMPARE sA, 07[ui_slot_updated]
 2F9  3235F                                 JUMP Z, 35F[status_slot_updated]
 2FA  1DA08                                 COMPARE sA, 08[ui_volume_updated]
 2FB  32372                                 JUMP Z, 372[status_volume_updated]
 2FC  1DA09                                 COMPARE sA, 09[ui_command_sent]
 2FD  3238F                                 JUMP Z, 38F[status_command_sent]
 2FE  1DA0A                                 COMPARE sA, 0A[ui_unknown_key]
 2FF  32398                                 JUMP Z, 398[status_unknown_key]
 300  1DA0B                                 COMPARE sA, 0B[ui_monitor_updated]
 301  323AF                                 JUMP Z, 3AF[status_monitor_updated]
 302  1DA0C                                 COMPARE sA, 0C[ui_tone_updated]
 303  323C6                                 JUMP Z, 3C6[status_tone_updated]
 304                           status_idle: 
 304  01349                                 LOAD s3, 49[ascii_I]
 305  2060D                                 CALL 60D[send_uart_byte]
 306  01364                                 LOAD s3, 64[ascii_d]
 307  2060D                                 CALL 60D[send_uart_byte]
 308  0136C                                 LOAD s3, 6C[ascii_l]
 309  2060D                                 CALL 60D[send_uart_byte]
 30A  01365                                 LOAD s3, 65[ascii_e]
 30B  2060D                                 CALL 60D[send_uart_byte]
 30C  25000                                 RETURN 
 30D                      status_recording: 
 30D  01352                                 LOAD s3, 52[ascii_R]
 30E  2060D                                 CALL 60D[send_uart_byte]
 30F  01365                                 LOAD s3, 65[ascii_e]
 310  2060D                                 CALL 60D[send_uart_byte]
 311  01363                                 LOAD s3, 63[ascii_c]
 312  2060D                                 CALL 60D[send_uart_byte]
 313  0136F                                 LOAD s3, 6F[ascii_o]
 314  2060D                                 CALL 60D[send_uart_byte]
 315  01372                                 LOAD s3, 72[ascii_r]
 316  2060D                                 CALL 60D[send_uart_byte]
 317  01364                                 LOAD s3, 64[ascii_d]
 318  2060D                                 CALL 60D[send_uart_byte]
 319  01369                                 LOAD s3, 69[ascii_i]
 31A  2060D                                 CALL 60D[send_uart_byte]
 31B  0136E                                 LOAD s3, 6E[ascii_n]
 31C  2060D                                 CALL 60D[send_uart_byte]
 31D  01367                                 LOAD s3, 67[ascii_g]
 31E  2060D                                 CALL 60D[send_uart_byte]
 31F  25000                                 RETURN 
 320                        status_playing: 
 320  01350                                 LOAD s3, 50[ascii_P]
 321  2060D                                 CALL 60D[send_uart_byte]
 322  0136C                                 LOAD s3, 6C[ascii_l]
 323  2060D                                 CALL 60D[send_uart_byte]
 324  01361                                 LOAD s3, 61[ascii_a]
 325  2060D                                 CALL 60D[send_uart_byte]
 326  01379                                 LOAD s3, 79[ascii_y]
 327  2060D                                 CALL 60D[send_uart_byte]
 328  01369                                 LOAD s3, 69[ascii_i]
 329  2060D                                 CALL 60D[send_uart_byte]
 32A  0136E                                 LOAD s3, 6E[ascii_n]
 32B  2060D                                 CALL 60D[send_uart_byte]
 32C  01367                                 LOAD s3, 67[ascii_g]
 32D  2060D                                 CALL 60D[send_uart_byte]
 32E  25000                                 RETURN 
 32F                         status_paused: 
 32F  01350                                 LOAD s3, 50[ascii_P]
 330  2060D                                 CALL 60D[send_uart_byte]
 331  01361                                 LOAD s3, 61[ascii_a]
 332  2060D                                 CALL 60D[send_uart_byte]
 333  01375                                 LOAD s3, 75[ascii_u]
 334  2060D                                 CALL 60D[send_uart_byte]
 335  01373                                 LOAD s3, 73[ascii_s]
 336  2060D                                 CALL 60D[send_uart_byte]
 337  01365                                 LOAD s3, 65[ascii_e]
 338  2060D                                 CALL 60D[send_uart_byte]
 339  01364                                 LOAD s3, 64[ascii_d]
 33A  2060D                                 CALL 60D[send_uart_byte]
 33B  25000                                 RETURN 
 33C                           status_busy: 
 33C  01342                                 LOAD s3, 42[ascii_B]
 33D  2060D                                 CALL 60D[send_uart_byte]
 33E  01375                                 LOAD s3, 75[ascii_u]
 33F  2060D                                 CALL 60D[send_uart_byte]
 340  01373                                 LOAD s3, 73[ascii_s]
 341  2060D                                 CALL 60D[send_uart_byte]
 342  01379                                 LOAD s3, 79[ascii_y]
 343  2060D                                 CALL 60D[send_uart_byte]
 344  25000                                 RETURN 
 345                           status_done: 
 345  01344                                 LOAD s3, 44[ascii_D]
 346  2060D                                 CALL 60D[send_uart_byte]
 347  0136F                                 LOAD s3, 6F[ascii_o]
 348  2060D                                 CALL 60D[send_uart_byte]
 349  0136E                                 LOAD s3, 6E[ascii_n]
 34A  2060D                                 CALL 60D[send_uart_byte]
 34B  01365                                 LOAD s3, 65[ascii_e]
 34C  2060D                                 CALL 60D[send_uart_byte]
 34D  25000                                 RETURN 
 34E                       status_rejected: 
 34E  01352                                 LOAD s3, 52[ascii_R]
 34F  2060D                                 CALL 60D[send_uart_byte]
 350  01365                                 LOAD s3, 65[ascii_e]
 351  2060D                                 CALL 60D[send_uart_byte]
 352  0136A                                 LOAD s3, 6A[ascii_j]
 353  2060D                                 CALL 60D[send_uart_byte]
 354  01365                                 LOAD s3, 65[ascii_e]
 355  2060D                                 CALL 60D[send_uart_byte]
 356  01363                                 LOAD s3, 63[ascii_c]
 357  2060D                                 CALL 60D[send_uart_byte]
 358  01374                                 LOAD s3, 74[ascii_t]
 359  2060D                                 CALL 60D[send_uart_byte]
 35A  01365                                 LOAD s3, 65[ascii_e]
 35B  2060D                                 CALL 60D[send_uart_byte]
 35C  01364                                 LOAD s3, 64[ascii_d]
 35D  2060D                                 CALL 60D[send_uart_byte]
 35E  25000                                 RETURN 
 35F                   status_slot_updated: 
 35F  01354                                 LOAD s3, 54[ascii_T]
 360  2060D                                 CALL 60D[send_uart_byte]
 361  01372                                 LOAD s3, 72[ascii_r]
 362  2060D                                 CALL 60D[send_uart_byte]
 363  01361                                 LOAD s3, 61[ascii_a]
 364  2060D                                 CALL 60D[send_uart_byte]
 365  01363                                 LOAD s3, 63[ascii_c]
 366  2060D                                 CALL 60D[send_uart_byte]
 367  0136B                                 LOAD s3, 6B[ascii_k]
 368  2060D                                 CALL 60D[send_uart_byte]
 369  01320                                 LOAD s3, 20[ascii_SPACE]
 36A  2060D                                 CALL 60D[send_uart_byte]
 36B  01373                                 LOAD s3, 73[ascii_s]
 36C  2060D                                 CALL 60D[send_uart_byte]
 36D  01365                                 LOAD s3, 65[ascii_e]
 36E  2060D                                 CALL 60D[send_uart_byte]
 36F  01374                                 LOAD s3, 74[ascii_t]
 370  2060D                                 CALL 60D[send_uart_byte]
 371  25000                                 RETURN 
 372                 status_volume_updated: 
 372  01356                                 LOAD s3, 56[ascii_V]
 373  2060D                                 CALL 60D[send_uart_byte]
 374  0136F                                 LOAD s3, 6F[ascii_o]
 375  2060D                                 CALL 60D[send_uart_byte]
 376  0136C                                 LOAD s3, 6C[ascii_l]
 377  2060D                                 CALL 60D[send_uart_byte]
 378  01375                                 LOAD s3, 75[ascii_u]
 379  2060D                                 CALL 60D[send_uart_byte]
 37A  0136D                                 LOAD s3, 6D[ascii_m]
 37B  2060D                                 CALL 60D[send_uart_byte]
 37C  01365                                 LOAD s3, 65[ascii_e]
 37D  2060D                                 CALL 60D[send_uart_byte]
 37E  01320                                 LOAD s3, 20[ascii_SPACE]
 37F  2060D                                 CALL 60D[send_uart_byte]
 380  01375                                 LOAD s3, 75[ascii_u]
 381  2060D                                 CALL 60D[send_uart_byte]
 382  01370                                 LOAD s3, 70[ascii_p]
 383  2060D                                 CALL 60D[send_uart_byte]
 384  01364                                 LOAD s3, 64[ascii_d]
 385  2060D                                 CALL 60D[send_uart_byte]
 386  01361                                 LOAD s3, 61[ascii_a]
 387  2060D                                 CALL 60D[send_uart_byte]
 388  01374                                 LOAD s3, 74[ascii_t]
 389  2060D                                 CALL 60D[send_uart_byte]
 38A  01365                                 LOAD s3, 65[ascii_e]
 38B  2060D                                 CALL 60D[send_uart_byte]
 38C  01364                                 LOAD s3, 64[ascii_d]
 38D  2060D                                 CALL 60D[send_uart_byte]
 38E  25000                                 RETURN 
 38F                   status_command_sent: 
 38F  01353                                 LOAD s3, 53[ascii_S]
 390  2060D                                 CALL 60D[send_uart_byte]
 391  01365                                 LOAD s3, 65[ascii_e]
 392  2060D                                 CALL 60D[send_uart_byte]
 393  0136E                                 LOAD s3, 6E[ascii_n]
 394  2060D                                 CALL 60D[send_uart_byte]
 395  01374                                 LOAD s3, 74[ascii_t]
 396  2060D                                 CALL 60D[send_uart_byte]
 397  25000                                 RETURN 
 398                    status_unknown_key: 
 398  01355                                 LOAD s3, 55[ascii_U]
 399  2060D                                 CALL 60D[send_uart_byte]
 39A  0136E                                 LOAD s3, 6E[ascii_n]
 39B  2060D                                 CALL 60D[send_uart_byte]
 39C  0136B                                 LOAD s3, 6B[ascii_k]
 39D  2060D                                 CALL 60D[send_uart_byte]
 39E  0136E                                 LOAD s3, 6E[ascii_n]
 39F  2060D                                 CALL 60D[send_uart_byte]
 3A0  0136F                                 LOAD s3, 6F[ascii_o]
 3A1  2060D                                 CALL 60D[send_uart_byte]
 3A2  01377                                 LOAD s3, 77[ascii_w]
 3A3  2060D                                 CALL 60D[send_uart_byte]
 3A4  0136E                                 LOAD s3, 6E[ascii_n]
 3A5  2060D                                 CALL 60D[send_uart_byte]
 3A6  01320                                 LOAD s3, 20[ascii_SPACE]
 3A7  2060D                                 CALL 60D[send_uart_byte]
 3A8  0136B                                 LOAD s3, 6B[ascii_k]
 3A9  2060D                                 CALL 60D[send_uart_byte]
 3AA  01365                                 LOAD s3, 65[ascii_e]
 3AB  2060D                                 CALL 60D[send_uart_byte]
 3AC  01379                                 LOAD s3, 79[ascii_y]
 3AD  2060D                                 CALL 60D[send_uart_byte]
 3AE  25000                                 RETURN 
 3AF                status_monitor_updated: 
 3AF  0134D                                 LOAD s3, 4D[ascii_M]
 3B0  2060D                                 CALL 60D[send_uart_byte]
 3B1  0136F                                 LOAD s3, 6F[ascii_o]
 3B2  2060D                                 CALL 60D[send_uart_byte]
 3B3  0136E                                 LOAD s3, 6E[ascii_n]
 3B4  2060D                                 CALL 60D[send_uart_byte]
 3B5  01320                                 LOAD s3, 20[ascii_SPACE]
 3B6  2060D                                 CALL 60D[send_uart_byte]
 3B7  01375                                 LOAD s3, 75[ascii_u]
 3B8  2060D                                 CALL 60D[send_uart_byte]
 3B9  01370                                 LOAD s3, 70[ascii_p]
 3BA  2060D                                 CALL 60D[send_uart_byte]
 3BB  01364                                 LOAD s3, 64[ascii_d]
 3BC  2060D                                 CALL 60D[send_uart_byte]
 3BD  01361                                 LOAD s3, 61[ascii_a]
 3BE  2060D                                 CALL 60D[send_uart_byte]
 3BF  01374                                 LOAD s3, 74[ascii_t]
 3C0  2060D                                 CALL 60D[send_uart_byte]
 3C1  01365                                 LOAD s3, 65[ascii_e]
 3C2  2060D                                 CALL 60D[send_uart_byte]
 3C3  01364                                 LOAD s3, 64[ascii_d]
 3C4  2060D                                 CALL 60D[send_uart_byte]
 3C5  25000                                 RETURN 
 3C6                   status_tone_updated: 
 3C6  01354                                 LOAD s3, 54[ascii_T]
 3C7  2060D                                 CALL 60D[send_uart_byte]
 3C8  0136F                                 LOAD s3, 6F[ascii_o]
 3C9  2060D                                 CALL 60D[send_uart_byte]
 3CA  0136E                                 LOAD s3, 6E[ascii_n]
 3CB  2060D                                 CALL 60D[send_uart_byte]
 3CC  01365                                 LOAD s3, 65[ascii_e]
 3CD  2060D                                 CALL 60D[send_uart_byte]
 3CE  01320                                 LOAD s3, 20[ascii_SPACE]
 3CF  2060D                                 CALL 60D[send_uart_byte]
 3D0  01375                                 LOAD s3, 75[ascii_u]
 3D1  2060D                                 CALL 60D[send_uart_byte]
 3D2  01370                                 LOAD s3, 70[ascii_p]
 3D3  2060D                                 CALL 60D[send_uart_byte]
 3D4  01364                                 LOAD s3, 64[ascii_d]
 3D5  2060D                                 CALL 60D[send_uart_byte]
 3D6  01361                                 LOAD s3, 61[ascii_a]
 3D7  2060D                                 CALL 60D[send_uart_byte]
 3D8  01374                                 LOAD s3, 74[ascii_t]
 3D9  2060D                                 CALL 60D[send_uart_byte]
 3DA  01365                                 LOAD s3, 65[ascii_e]
 3DB  2060D                                 CALL 60D[send_uart_byte]
 3DC  01364                                 LOAD s3, 64[ascii_d]
 3DD  2060D                                 CALL 60D[send_uart_byte]
 3DE  25000                                 RETURN 
 3DF                   print_monitor_state: 
 3DF  1DC00                                 COMPARE sC, 00
 3E0  323E5                                 JUMP Z, 3E5[print_off]
 3E1  223EC                                 JUMP 3EC[print_on]
 3E2                      print_tone_state: 
 3E2  1DD00                                 COMPARE sD, 00
 3E3  323E5                                 JUMP Z, 3E5[print_off]
 3E4  223EC                                 JUMP 3EC[print_on]
 3E5                             print_off: 
 3E5  0134F                                 LOAD s3, 4F[ascii_O]
 3E6  2060D                                 CALL 60D[send_uart_byte]
 3E7  01346                                 LOAD s3, 46[ascii_F]
 3E8  2060D                                 CALL 60D[send_uart_byte]
 3E9  01346                                 LOAD s3, 46[ascii_F]
 3EA  2060D                                 CALL 60D[send_uart_byte]
 3EB  25000                                 RETURN 
 3EC                              print_on: 
 3EC  0134F                                 LOAD s3, 4F[ascii_O]
 3ED  2060D                                 CALL 60D[send_uart_byte]
 3EE  0134E                                 LOAD s3, 4E[ascii_N]
 3EF  2060D                                 CALL 60D[send_uart_byte]
 3F0  25000                                 RETURN 
 3F1                   print_slot_selector: 
 3F1  1D800                                 COMPARE s8, 00
 3F2  323F8                                 JUMP Z, 3F8[slot_view_0]
 3F3  1D801                                 COMPARE s8, 01
 3F4  3240B                                 JUMP Z, 40B[slot_view_1]
 3F5  1D802                                 COMPARE s8, 02
 3F6  3241E                                 JUMP Z, 41E[slot_view_2]
 3F7  22431                                 JUMP 431[slot_view_3]
 3F8                           slot_view_0: 
 3F8  0135B                                 LOAD s3, 5B[ascii_LBRACK]
 3F9  2060D                                 CALL 60D[send_uart_byte]
 3FA  01330                                 LOAD s3, 30[ascii_0]
 3FB  2060D                                 CALL 60D[send_uart_byte]
 3FC  0135D                                 LOAD s3, 5D[ascii_RBRACK]
 3FD  2060D                                 CALL 60D[send_uart_byte]
 3FE  01320                                 LOAD s3, 20[ascii_SPACE]
 3FF  2060D                                 CALL 60D[send_uart_byte]
 400  01331                                 LOAD s3, 31[ascii_1]
 401  2060D                                 CALL 60D[send_uart_byte]
 402  01320                                 LOAD s3, 20[ascii_SPACE]
 403  2060D                                 CALL 60D[send_uart_byte]
 404  01332                                 LOAD s3, 32[ascii_2]
 405  2060D                                 CALL 60D[send_uart_byte]
 406  01320                                 LOAD s3, 20[ascii_SPACE]
 407  2060D                                 CALL 60D[send_uart_byte]
 408  01333                                 LOAD s3, 33[ascii_3]
 409  2060D                                 CALL 60D[send_uart_byte]
 40A  25000                                 RETURN 
 40B                           slot_view_1: 
 40B  01330                                 LOAD s3, 30[ascii_0]
 40C  2060D                                 CALL 60D[send_uart_byte]
 40D  01320                                 LOAD s3, 20[ascii_SPACE]
 40E  2060D                                 CALL 60D[send_uart_byte]
 40F  0135B                                 LOAD s3, 5B[ascii_LBRACK]
 410  2060D                                 CALL 60D[send_uart_byte]
 411  01331                                 LOAD s3, 31[ascii_1]
 412  2060D                                 CALL 60D[send_uart_byte]
 413  0135D                                 LOAD s3, 5D[ascii_RBRACK]
 414  2060D                                 CALL 60D[send_uart_byte]
 415  01320                                 LOAD s3, 20[ascii_SPACE]
 416  2060D                                 CALL 60D[send_uart_byte]
 417  01332                                 LOAD s3, 32[ascii_2]
 418  2060D                                 CALL 60D[send_uart_byte]
 419  01320                                 LOAD s3, 20[ascii_SPACE]
 41A  2060D                                 CALL 60D[send_uart_byte]
 41B  01333                                 LOAD s3, 33[ascii_3]
 41C  2060D                                 CALL 60D[send_uart_byte]
 41D  25000                                 RETURN 
 41E                           slot_view_2: 
 41E  01330                                 LOAD s3, 30[ascii_0]
 41F  2060D                                 CALL 60D[send_uart_byte]
 420  01320                                 LOAD s3, 20[ascii_SPACE]
 421  2060D                                 CALL 60D[send_uart_byte]
 422  01331                                 LOAD s3, 31[ascii_1]
 423  2060D                                 CALL 60D[send_uart_byte]
 424  01320                                 LOAD s3, 20[ascii_SPACE]
 425  2060D                                 CALL 60D[send_uart_byte]
 426  0135B                                 LOAD s3, 5B[ascii_LBRACK]
 427  2060D                                 CALL 60D[send_uart_byte]
 428  01332                                 LOAD s3, 32[ascii_2]
 429  2060D                                 CALL 60D[send_uart_byte]
 42A  0135D                                 LOAD s3, 5D[ascii_RBRACK]
 42B  2060D                                 CALL 60D[send_uart_byte]
 42C  01320                                 LOAD s3, 20[ascii_SPACE]
 42D  2060D                                 CALL 60D[send_uart_byte]
 42E  01333                                 LOAD s3, 33[ascii_3]
 42F  2060D                                 CALL 60D[send_uart_byte]
 430  25000                                 RETURN 
 431                           slot_view_3: 
 431  01330                                 LOAD s3, 30[ascii_0]
 432  2060D                                 CALL 60D[send_uart_byte]
 433  01320                                 LOAD s3, 20[ascii_SPACE]
 434  2060D                                 CALL 60D[send_uart_byte]
 435  01331                                 LOAD s3, 31[ascii_1]
 436  2060D                                 CALL 60D[send_uart_byte]
 437  01320                                 LOAD s3, 20[ascii_SPACE]
 438  2060D                                 CALL 60D[send_uart_byte]
 439  01332                                 LOAD s3, 32[ascii_2]
 43A  2060D                                 CALL 60D[send_uart_byte]
 43B  01320                                 LOAD s3, 20[ascii_SPACE]
 43C  2060D                                 CALL 60D[send_uart_byte]
 43D  0135B                                 LOAD s3, 5B[ascii_LBRACK]
 43E  2060D                                 CALL 60D[send_uart_byte]
 43F  01333                                 LOAD s3, 33[ascii_3]
 440  2060D                                 CALL 60D[send_uart_byte]
 441  0135D                                 LOAD s3, 5D[ascii_RBRACK]
 442  2060D                                 CALL 60D[send_uart_byte]
 443  25000                                 RETURN 
 444                    print_volume_value: 
 444  1D900                                 COMPARE s9, 00
 445  32463                                 JUMP Z, 463[volume_text_00]
 446  1D901                                 COMPARE s9, 01
 447  32468                                 JUMP Z, 468[volume_text_01]
 448  1D902                                 COMPARE s9, 02
 449  3246D                                 JUMP Z, 46D[volume_text_02]
 44A  1D903                                 COMPARE s9, 03
 44B  32472                                 JUMP Z, 472[volume_text_03]
 44C  1D904                                 COMPARE s9, 04
 44D  32477                                 JUMP Z, 477[volume_text_04]
 44E  1D905                                 COMPARE s9, 05
 44F  3247C                                 JUMP Z, 47C[volume_text_05]
 450  1D906                                 COMPARE s9, 06
 451  32481                                 JUMP Z, 481[volume_text_06]
 452  1D907                                 COMPARE s9, 07
 453  32486                                 JUMP Z, 486[volume_text_07]
 454  1D908                                 COMPARE s9, 08
 455  3248B                                 JUMP Z, 48B[volume_text_08]
 456  1D909                                 COMPARE s9, 09
 457  32490                                 JUMP Z, 490[volume_text_09]
 458  1D90A                                 COMPARE s9, 0A
 459  32495                                 JUMP Z, 495[volume_text_10]
 45A  1D90B                                 COMPARE s9, 0B
 45B  3249A                                 JUMP Z, 49A[volume_text_11]
 45C  1D90C                                 COMPARE s9, 0C
 45D  3249F                                 JUMP Z, 49F[volume_text_12]
 45E  1D90D                                 COMPARE s9, 0D
 45F  324A4                                 JUMP Z, 4A4[volume_text_13]
 460  1D90E                                 COMPARE s9, 0E
 461  324A9                                 JUMP Z, 4A9[volume_text_14]
 462  224AE                                 JUMP 4AE[volume_text_15]
 463                        volume_text_00: 
 463  01330                                 LOAD s3, 30[ascii_0]
 464  2060D                                 CALL 60D[send_uart_byte]
 465  01330                                 LOAD s3, 30[ascii_0]
 466  2060D                                 CALL 60D[send_uart_byte]
 467  25000                                 RETURN 
 468                        volume_text_01: 
 468  01330                                 LOAD s3, 30[ascii_0]
 469  2060D                                 CALL 60D[send_uart_byte]
 46A  01331                                 LOAD s3, 31[ascii_1]
 46B  2060D                                 CALL 60D[send_uart_byte]
 46C  25000                                 RETURN 
 46D                        volume_text_02: 
 46D  01330                                 LOAD s3, 30[ascii_0]
 46E  2060D                                 CALL 60D[send_uart_byte]
 46F  01332                                 LOAD s3, 32[ascii_2]
 470  2060D                                 CALL 60D[send_uart_byte]
 471  25000                                 RETURN 
 472                        volume_text_03: 
 472  01330                                 LOAD s3, 30[ascii_0]
 473  2060D                                 CALL 60D[send_uart_byte]
 474  01333                                 LOAD s3, 33[ascii_3]
 475  2060D                                 CALL 60D[send_uart_byte]
 476  25000                                 RETURN 
 477                        volume_text_04: 
 477  01330                                 LOAD s3, 30[ascii_0]
 478  2060D                                 CALL 60D[send_uart_byte]
 479  01334                                 LOAD s3, 34[ascii_4]
 47A  2060D                                 CALL 60D[send_uart_byte]
 47B  25000                                 RETURN 
 47C                        volume_text_05: 
 47C  01330                                 LOAD s3, 30[ascii_0]
 47D  2060D                                 CALL 60D[send_uart_byte]
 47E  01335                                 LOAD s3, 35[ascii_5]
 47F  2060D                                 CALL 60D[send_uart_byte]
 480  25000                                 RETURN 
 481                        volume_text_06: 
 481  01330                                 LOAD s3, 30[ascii_0]
 482  2060D                                 CALL 60D[send_uart_byte]
 483  01336                                 LOAD s3, 36[ascii_6]
 484  2060D                                 CALL 60D[send_uart_byte]
 485  25000                                 RETURN 
 486                        volume_text_07: 
 486  01330                                 LOAD s3, 30[ascii_0]
 487  2060D                                 CALL 60D[send_uart_byte]
 488  01337                                 LOAD s3, 37[ascii_7]
 489  2060D                                 CALL 60D[send_uart_byte]
 48A  25000                                 RETURN 
 48B                        volume_text_08: 
 48B  01330                                 LOAD s3, 30[ascii_0]
 48C  2060D                                 CALL 60D[send_uart_byte]
 48D  01338                                 LOAD s3, 38[ascii_8]
 48E  2060D                                 CALL 60D[send_uart_byte]
 48F  25000                                 RETURN 
 490                        volume_text_09: 
 490  01330                                 LOAD s3, 30[ascii_0]
 491  2060D                                 CALL 60D[send_uart_byte]
 492  01339                                 LOAD s3, 39[ascii_9]
 493  2060D                                 CALL 60D[send_uart_byte]
 494  25000                                 RETURN 
 495                        volume_text_10: 
 495  01331                                 LOAD s3, 31[ascii_1]
 496  2060D                                 CALL 60D[send_uart_byte]
 497  01330                                 LOAD s3, 30[ascii_0]
 498  2060D                                 CALL 60D[send_uart_byte]
 499  25000                                 RETURN 
 49A                        volume_text_11: 
 49A  01331                                 LOAD s3, 31[ascii_1]
 49B  2060D                                 CALL 60D[send_uart_byte]
 49C  01331                                 LOAD s3, 31[ascii_1]
 49D  2060D                                 CALL 60D[send_uart_byte]
 49E  25000                                 RETURN 
 49F                        volume_text_12: 
 49F  01331                                 LOAD s3, 31[ascii_1]
 4A0  2060D                                 CALL 60D[send_uart_byte]
 4A1  01332                                 LOAD s3, 32[ascii_2]
 4A2  2060D                                 CALL 60D[send_uart_byte]
 4A3  25000                                 RETURN 
 4A4                        volume_text_13: 
 4A4  01331                                 LOAD s3, 31[ascii_1]
 4A5  2060D                                 CALL 60D[send_uart_byte]
 4A6  01333                                 LOAD s3, 33[ascii_3]
 4A7  2060D                                 CALL 60D[send_uart_byte]
 4A8  25000                                 RETURN 
 4A9                        volume_text_14: 
 4A9  01331                                 LOAD s3, 31[ascii_1]
 4AA  2060D                                 CALL 60D[send_uart_byte]
 4AB  01334                                 LOAD s3, 34[ascii_4]
 4AC  2060D                                 CALL 60D[send_uart_byte]
 4AD  25000                                 RETURN 
 4AE                        volume_text_15: 
 4AE  01331                                 LOAD s3, 31[ascii_1]
 4AF  2060D                                 CALL 60D[send_uart_byte]
 4B0  01335                                 LOAD s3, 35[ascii_5]
 4B1  2060D                                 CALL 60D[send_uart_byte]
 4B2  25000                                 RETURN 
 4B3                      print_volume_bar: 
 4B3  1D900                                 COMPARE s9, 00
 4B4  324D2                                 JUMP Z, 4D2[volume_bar_00]
 4B5  1D901                                 COMPARE s9, 01
 4B6  324D4                                 JUMP Z, 4D4[volume_bar_01]
 4B7  1D902                                 COMPARE s9, 02
 4B8  324D6                                 JUMP Z, 4D6[volume_bar_02]
 4B9  1D903                                 COMPARE s9, 03
 4BA  324D8                                 JUMP Z, 4D8[volume_bar_03]
 4BB  1D904                                 COMPARE s9, 04
 4BC  324DA                                 JUMP Z, 4DA[volume_bar_04]
 4BD  1D905                                 COMPARE s9, 05
 4BE  324DC                                 JUMP Z, 4DC[volume_bar_05]
 4BF  1D906                                 COMPARE s9, 06
 4C0  324DE                                 JUMP Z, 4DE[volume_bar_06]
 4C1  1D907                                 COMPARE s9, 07
 4C2  324E0                                 JUMP Z, 4E0[volume_bar_07]
 4C3  1D908                                 COMPARE s9, 08
 4C4  324E2                                 JUMP Z, 4E2[volume_bar_08]
 4C5  1D909                                 COMPARE s9, 09
 4C6  324E4                                 JUMP Z, 4E4[volume_bar_09]
 4C7  1D90A                                 COMPARE s9, 0A
 4C8  324E6                                 JUMP Z, 4E6[volume_bar_10]
 4C9  1D90B                                 COMPARE s9, 0B
 4CA  324E8                                 JUMP Z, 4E8[volume_bar_11]
 4CB  1D90C                                 COMPARE s9, 0C
 4CC  324EA                                 JUMP Z, 4EA[volume_bar_12]
 4CD  1D90D                                 COMPARE s9, 0D
 4CE  324EC                                 JUMP Z, 4EC[volume_bar_13]
 4CF  1D90E                                 COMPARE s9, 0E
 4D0  324EE                                 JUMP Z, 4EE[volume_bar_14]
 4D1  224F0                                 JUMP 4F0[volume_bar_15]
 4D2                         volume_bar_00: 
 4D2  204F8                                 CALL 4F8[print_bar_00]
 4D3  25000                                 RETURN 
 4D4                         volume_bar_01: 
 4D4  20509                                 CALL 509[print_bar_01]
 4D5  25000                                 RETURN 
 4D6                         volume_bar_02: 
 4D6  2051A                                 CALL 51A[print_bar_02]
 4D7  25000                                 RETURN 
 4D8                         volume_bar_03: 
 4D8  2052B                                 CALL 52B[print_bar_03]
 4D9  25000                                 RETURN 
 4DA                         volume_bar_04: 
 4DA  2053C                                 CALL 53C[print_bar_04]
 4DB  25000                                 RETURN 
 4DC                         volume_bar_05: 
 4DC  2054D                                 CALL 54D[print_bar_05]
 4DD  25000                                 RETURN 
 4DE                         volume_bar_06: 
 4DE  2055E                                 CALL 55E[print_bar_06]
 4DF  25000                                 RETURN 
 4E0                         volume_bar_07: 
 4E0  2056F                                 CALL 56F[print_bar_07]
 4E1  25000                                 RETURN 
 4E2                         volume_bar_08: 
 4E2  20580                                 CALL 580[print_bar_08]
 4E3  25000                                 RETURN 
 4E4                         volume_bar_09: 
 4E4  20591                                 CALL 591[print_bar_09]
 4E5  25000                                 RETURN 
 4E6                         volume_bar_10: 
 4E6  205A2                                 CALL 5A2[print_bar_10]
 4E7  25000                                 RETURN 
 4E8                         volume_bar_11: 
 4E8  205B3                                 CALL 5B3[print_bar_11]
 4E9  25000                                 RETURN 
 4EA                         volume_bar_12: 
 4EA  205C4                                 CALL 5C4[print_bar_12]
 4EB  25000                                 RETURN 
 4EC                         volume_bar_13: 
 4EC  205D5                                 CALL 5D5[print_bar_13]
 4ED  25000                                 RETURN 
 4EE                         volume_bar_14: 
 4EE  205E6                                 CALL 5E6[print_bar_14]
 4EF  25000                                 RETURN 
 4F0                         volume_bar_15: 
 4F0  205F7                                 CALL 5F7[print_bar_15]
 4F1  25000                                 RETURN 
 4F2                            print_hash: 
 4F2  01323                                 LOAD s3, 23[ascii_HASH]
 4F3  2060D                                 CALL 60D[send_uart_byte]
 4F4  25000                                 RETURN 
 4F5                            print_dash: 
 4F5  0132D                                 LOAD s3, 2D[ascii_MINUS]
 4F6  2060D                                 CALL 60D[send_uart_byte]
 4F7  25000                                 RETURN 
 4F8                          print_bar_00: 
 4F8  204F5                                 CALL 4F5[print_dash]
 4F9  204F5                                 CALL 4F5[print_dash]
 4FA  204F5                                 CALL 4F5[print_dash]
 4FB  204F5                                 CALL 4F5[print_dash]
 4FC  204F5                                 CALL 4F5[print_dash]
 4FD  204F5                                 CALL 4F5[print_dash]
 4FE  204F5                                 CALL 4F5[print_dash]
 4FF  204F5                                 CALL 4F5[print_dash]
 500  204F5                                 CALL 4F5[print_dash]
 501  204F5                                 CALL 4F5[print_dash]
 502  204F5                                 CALL 4F5[print_dash]
 503  204F5                                 CALL 4F5[print_dash]
 504  204F5                                 CALL 4F5[print_dash]
 505  204F5                                 CALL 4F5[print_dash]
 506  204F5                                 CALL 4F5[print_dash]
 507  204F5                                 CALL 4F5[print_dash]
 508  25000                                 RETURN 
 509                          print_bar_01: 
 509  204F2                                 CALL 4F2[print_hash]
 50A  204F5                                 CALL 4F5[print_dash]
 50B  204F5                                 CALL 4F5[print_dash]
 50C  204F5                                 CALL 4F5[print_dash]
 50D  204F5                                 CALL 4F5[print_dash]
 50E  204F5                                 CALL 4F5[print_dash]
 50F  204F5                                 CALL 4F5[print_dash]
 510  204F5                                 CALL 4F5[print_dash]
 511  204F5                                 CALL 4F5[print_dash]
 512  204F5                                 CALL 4F5[print_dash]
 513  204F5                                 CALL 4F5[print_dash]
 514  204F5                                 CALL 4F5[print_dash]
 515  204F5                                 CALL 4F5[print_dash]
 516  204F5                                 CALL 4F5[print_dash]
 517  204F5                                 CALL 4F5[print_dash]
 518  204F5                                 CALL 4F5[print_dash]
 519  25000                                 RETURN 
 51A                          print_bar_02: 
 51A  204F2                                 CALL 4F2[print_hash]
 51B  204F2                                 CALL 4F2[print_hash]
 51C  204F5                                 CALL 4F5[print_dash]
 51D  204F5                                 CALL 4F5[print_dash]
 51E  204F5                                 CALL 4F5[print_dash]
 51F  204F5                                 CALL 4F5[print_dash]
 520  204F5                                 CALL 4F5[print_dash]
 521  204F5                                 CALL 4F5[print_dash]
 522  204F5                                 CALL 4F5[print_dash]
 523  204F5                                 CALL 4F5[print_dash]
 524  204F5                                 CALL 4F5[print_dash]
 525  204F5                                 CALL 4F5[print_dash]
 526  204F5                                 CALL 4F5[print_dash]
 527  204F5                                 CALL 4F5[print_dash]
 528  204F5                                 CALL 4F5[print_dash]
 529  204F5                                 CALL 4F5[print_dash]
 52A  25000                                 RETURN 
 52B                          print_bar_03: 
 52B  204F2                                 CALL 4F2[print_hash]
 52C  204F2                                 CALL 4F2[print_hash]
 52D  204F2                                 CALL 4F2[print_hash]
 52E  204F5                                 CALL 4F5[print_dash]
 52F  204F5                                 CALL 4F5[print_dash]
 530  204F5                                 CALL 4F5[print_dash]
 531  204F5                                 CALL 4F5[print_dash]
 532  204F5                                 CALL 4F5[print_dash]
 533  204F5                                 CALL 4F5[print_dash]
 534  204F5                                 CALL 4F5[print_dash]
 535  204F5                                 CALL 4F5[print_dash]
 536  204F5                                 CALL 4F5[print_dash]
 537  204F5                                 CALL 4F5[print_dash]
 538  204F5                                 CALL 4F5[print_dash]
 539  204F5                                 CALL 4F5[print_dash]
 53A  204F5                                 CALL 4F5[print_dash]
 53B  25000                                 RETURN 
 53C                          print_bar_04: 
 53C  204F2                                 CALL 4F2[print_hash]
 53D  204F2                                 CALL 4F2[print_hash]
 53E  204F2                                 CALL 4F2[print_hash]
 53F  204F2                                 CALL 4F2[print_hash]
 540  204F5                                 CALL 4F5[print_dash]
 541  204F5                                 CALL 4F5[print_dash]
 542  204F5                                 CALL 4F5[print_dash]
 543  204F5                                 CALL 4F5[print_dash]
 544  204F5                                 CALL 4F5[print_dash]
 545  204F5                                 CALL 4F5[print_dash]
 546  204F5                                 CALL 4F5[print_dash]
 547  204F5                                 CALL 4F5[print_dash]
 548  204F5                                 CALL 4F5[print_dash]
 549  204F5                                 CALL 4F5[print_dash]
 54A  204F5                                 CALL 4F5[print_dash]
 54B  204F5                                 CALL 4F5[print_dash]
 54C  25000                                 RETURN 
 54D                          print_bar_05: 
 54D  204F2                                 CALL 4F2[print_hash]
 54E  204F2                                 CALL 4F2[print_hash]
 54F  204F2                                 CALL 4F2[print_hash]
 550  204F2                                 CALL 4F2[print_hash]
 551  204F2                                 CALL 4F2[print_hash]
 552  204F5                                 CALL 4F5[print_dash]
 553  204F5                                 CALL 4F5[print_dash]
 554  204F5                                 CALL 4F5[print_dash]
 555  204F5                                 CALL 4F5[print_dash]
 556  204F5                                 CALL 4F5[print_dash]
 557  204F5                                 CALL 4F5[print_dash]
 558  204F5                                 CALL 4F5[print_dash]
 559  204F5                                 CALL 4F5[print_dash]
 55A  204F5                                 CALL 4F5[print_dash]
 55B  204F5                                 CALL 4F5[print_dash]
 55C  204F5                                 CALL 4F5[print_dash]
 55D  25000                                 RETURN 
 55E                          print_bar_06: 
 55E  204F2                                 CALL 4F2[print_hash]
 55F  204F2                                 CALL 4F2[print_hash]
 560  204F2                                 CALL 4F2[print_hash]
 561  204F2                                 CALL 4F2[print_hash]
 562  204F2                                 CALL 4F2[print_hash]
 563  204F2                                 CALL 4F2[print_hash]
 564  204F5                                 CALL 4F5[print_dash]
 565  204F5                                 CALL 4F5[print_dash]
 566  204F5                                 CALL 4F5[print_dash]
 567  204F5                                 CALL 4F5[print_dash]
 568  204F5                                 CALL 4F5[print_dash]
 569  204F5                                 CALL 4F5[print_dash]
 56A  204F5                                 CALL 4F5[print_dash]
 56B  204F5                                 CALL 4F5[print_dash]
 56C  204F5                                 CALL 4F5[print_dash]
 56D  204F5                                 CALL 4F5[print_dash]
 56E  25000                                 RETURN 
 56F                          print_bar_07: 
 56F  204F2                                 CALL 4F2[print_hash]
 570  204F2                                 CALL 4F2[print_hash]
 571  204F2                                 CALL 4F2[print_hash]
 572  204F2                                 CALL 4F2[print_hash]
 573  204F2                                 CALL 4F2[print_hash]
 574  204F2                                 CALL 4F2[print_hash]
 575  204F2                                 CALL 4F2[print_hash]
 576  204F5                                 CALL 4F5[print_dash]
 577  204F5                                 CALL 4F5[print_dash]
 578  204F5                                 CALL 4F5[print_dash]
 579  204F5                                 CALL 4F5[print_dash]
 57A  204F5                                 CALL 4F5[print_dash]
 57B  204F5                                 CALL 4F5[print_dash]
 57C  204F5                                 CALL 4F5[print_dash]
 57D  204F5                                 CALL 4F5[print_dash]
 57E  204F5                                 CALL 4F5[print_dash]
 57F  25000                                 RETURN 
 580                          print_bar_08: 
 580  204F2                                 CALL 4F2[print_hash]
 581  204F2                                 CALL 4F2[print_hash]
 582  204F2                                 CALL 4F2[print_hash]
 583  204F2                                 CALL 4F2[print_hash]
 584  204F2                                 CALL 4F2[print_hash]
 585  204F2                                 CALL 4F2[print_hash]
 586  204F2                                 CALL 4F2[print_hash]
 587  204F2                                 CALL 4F2[print_hash]
 588  204F5                                 CALL 4F5[print_dash]
 589  204F5                                 CALL 4F5[print_dash]
 58A  204F5                                 CALL 4F5[print_dash]
 58B  204F5                                 CALL 4F5[print_dash]
 58C  204F5                                 CALL 4F5[print_dash]
 58D  204F5                                 CALL 4F5[print_dash]
 58E  204F5                                 CALL 4F5[print_dash]
 58F  204F5                                 CALL 4F5[print_dash]
 590  25000                                 RETURN 
 591                          print_bar_09: 
 591  204F2                                 CALL 4F2[print_hash]
 592  204F2                                 CALL 4F2[print_hash]
 593  204F2                                 CALL 4F2[print_hash]
 594  204F2                                 CALL 4F2[print_hash]
 595  204F2                                 CALL 4F2[print_hash]
 596  204F2                                 CALL 4F2[print_hash]
 597  204F2                                 CALL 4F2[print_hash]
 598  204F2                                 CALL 4F2[print_hash]
 599  204F2                                 CALL 4F2[print_hash]
 59A  204F5                                 CALL 4F5[print_dash]
 59B  204F5                                 CALL 4F5[print_dash]
 59C  204F5                                 CALL 4F5[print_dash]
 59D  204F5                                 CALL 4F5[print_dash]
 59E  204F5                                 CALL 4F5[print_dash]
 59F  204F5                                 CALL 4F5[print_dash]
 5A0  204F5                                 CALL 4F5[print_dash]
 5A1  25000                                 RETURN 
 5A2                          print_bar_10: 
 5A2  204F2                                 CALL 4F2[print_hash]
 5A3  204F2                                 CALL 4F2[print_hash]
 5A4  204F2                                 CALL 4F2[print_hash]
 5A5  204F2                                 CALL 4F2[print_hash]
 5A6  204F2                                 CALL 4F2[print_hash]
 5A7  204F2                                 CALL 4F2[print_hash]
 5A8  204F2                                 CALL 4F2[print_hash]
 5A9  204F2                                 CALL 4F2[print_hash]
 5AA  204F2                                 CALL 4F2[print_hash]
 5AB  204F2                                 CALL 4F2[print_hash]
 5AC  204F5                                 CALL 4F5[print_dash]
 5AD  204F5                                 CALL 4F5[print_dash]
 5AE  204F5                                 CALL 4F5[print_dash]
 5AF  204F5                                 CALL 4F5[print_dash]
 5B0  204F5                                 CALL 4F5[print_dash]
 5B1  204F5                                 CALL 4F5[print_dash]
 5B2  25000                                 RETURN 
 5B3                          print_bar_11: 
 5B3  204F2                                 CALL 4F2[print_hash]
 5B4  204F2                                 CALL 4F2[print_hash]
 5B5  204F2                                 CALL 4F2[print_hash]
 5B6  204F2                                 CALL 4F2[print_hash]
 5B7  204F2                                 CALL 4F2[print_hash]
 5B8  204F2                                 CALL 4F2[print_hash]
 5B9  204F2                                 CALL 4F2[print_hash]
 5BA  204F2                                 CALL 4F2[print_hash]
 5BB  204F2                                 CALL 4F2[print_hash]
 5BC  204F2                                 CALL 4F2[print_hash]
 5BD  204F2                                 CALL 4F2[print_hash]
 5BE  204F5                                 CALL 4F5[print_dash]
 5BF  204F5                                 CALL 4F5[print_dash]
 5C0  204F5                                 CALL 4F5[print_dash]
 5C1  204F5                                 CALL 4F5[print_dash]
 5C2  204F5                                 CALL 4F5[print_dash]
 5C3  25000                                 RETURN 
 5C4                          print_bar_12: 
 5C4  204F2                                 CALL 4F2[print_hash]
 5C5  204F2                                 CALL 4F2[print_hash]
 5C6  204F2                                 CALL 4F2[print_hash]
 5C7  204F2                                 CALL 4F2[print_hash]
 5C8  204F2                                 CALL 4F2[print_hash]
 5C9  204F2                                 CALL 4F2[print_hash]
 5CA  204F2                                 CALL 4F2[print_hash]
 5CB  204F2                                 CALL 4F2[print_hash]
 5CC  204F2                                 CALL 4F2[print_hash]
 5CD  204F2                                 CALL 4F2[print_hash]
 5CE  204F2                                 CALL 4F2[print_hash]
 5CF  204F2                                 CALL 4F2[print_hash]
 5D0  204F5                                 CALL 4F5[print_dash]
 5D1  204F5                                 CALL 4F5[print_dash]
 5D2  204F5                                 CALL 4F5[print_dash]
 5D3  204F5                                 CALL 4F5[print_dash]
 5D4  25000                                 RETURN 
 5D5                          print_bar_13: 
 5D5  204F2                                 CALL 4F2[print_hash]
 5D6  204F2                                 CALL 4F2[print_hash]
 5D7  204F2                                 CALL 4F2[print_hash]
 5D8  204F2                                 CALL 4F2[print_hash]
 5D9  204F2                                 CALL 4F2[print_hash]
 5DA  204F2                                 CALL 4F2[print_hash]
 5DB  204F2                                 CALL 4F2[print_hash]
 5DC  204F2                                 CALL 4F2[print_hash]
 5DD  204F2                                 CALL 4F2[print_hash]
 5DE  204F2                                 CALL 4F2[print_hash]
 5DF  204F2                                 CALL 4F2[print_hash]
 5E0  204F2                                 CALL 4F2[print_hash]
 5E1  204F2                                 CALL 4F2[print_hash]
 5E2  204F5                                 CALL 4F5[print_dash]
 5E3  204F5                                 CALL 4F5[print_dash]
 5E4  204F5                                 CALL 4F5[print_dash]
 5E5  25000                                 RETURN 
 5E6                          print_bar_14: 
 5E6  204F2                                 CALL 4F2[print_hash]
 5E7  204F2                                 CALL 4F2[print_hash]
 5E8  204F2                                 CALL 4F2[print_hash]
 5E9  204F2                                 CALL 4F2[print_hash]
 5EA  204F2                                 CALL 4F2[print_hash]
 5EB  204F2                                 CALL 4F2[print_hash]
 5EC  204F2                                 CALL 4F2[print_hash]
 5ED  204F2                                 CALL 4F2[print_hash]
 5EE  204F2                                 CALL 4F2[print_hash]
 5EF  204F2                                 CALL 4F2[print_hash]
 5F0  204F2                                 CALL 4F2[print_hash]
 5F1  204F2                                 CALL 4F2[print_hash]
 5F2  204F2                                 CALL 4F2[print_hash]
 5F3  204F2                                 CALL 4F2[print_hash]
 5F4  204F5                                 CALL 4F5[print_dash]
 5F5  204F5                                 CALL 4F5[print_dash]
 5F6  25000                                 RETURN 
 5F7                          print_bar_15: 
 5F7  204F2                                 CALL 4F2[print_hash]
 5F8  204F2                                 CALL 4F2[print_hash]
 5F9  204F2                                 CALL 4F2[print_hash]
 5FA  204F2                                 CALL 4F2[print_hash]
 5FB  204F2                                 CALL 4F2[print_hash]
 5FC  204F2                                 CALL 4F2[print_hash]
 5FD  204F2                                 CALL 4F2[print_hash]
 5FE  204F2                                 CALL 4F2[print_hash]
 5FF  204F2                                 CALL 4F2[print_hash]
 600  204F2                                 CALL 4F2[print_hash]
 601  204F2                                 CALL 4F2[print_hash]
 602  204F2                                 CALL 4F2[print_hash]
 603  204F2                                 CALL 4F2[print_hash]
 604  204F2                                 CALL 4F2[print_hash]
 605  204F2                                 CALL 4F2[print_hash]
 606  204F5                                 CALL 4F5[print_dash]
 607  25000                                 RETURN 
 608                             send_crlf: 
 608  0130D                                 LOAD s3, 0D[ascii_CR]
 609  2060D                                 CALL 60D[send_uart_byte]
 60A  0130A                                 LOAD s3, 0A[ascii_LF]
 60B  2060D                                 CALL 60D[send_uart_byte]
 60C  25000                                 RETURN 
 60D                        send_uart_byte: 
 60D  09205                                 INPUT s2, 05[buffer_full]
 60E  0D201                                 TEST s2, 01
 60F  3660D                                 JUMP NZ, 60D[send_uart_byte]
 610  2D303                                 OUTPUT s3, 03[uart_data_tx]
 611  25000                                 RETURN 


All unused memory locations contain zero (equivalent to 'LOAD s0, s0')



List of PSM files that have been assembled

C:\Users\vigfe\Downloads\computer-system-design-fp_sprint\computer-system-design-fp_sprint\final_project\final_project_ise\picoblaze\recorder_ui_2.psm



List of defined constants

 CONSTANT name      Value        Source PSM File

 timestamp_hours    15'd         
 timestamp_minutes  51'd         
 timestamp_seconds  09'd         
 datestamp_year     26'd         
 datestamp_month    5'd          
 datestamp_day      04'd         
 NUL                00           
 BEL                07           
 BS                 08           
 HT                 09           
 LF                 0A           
 VT                 0B           
 CR                 0D           
 ESC                1B           
 DEL                7F           
 DCS                90           
 ST                 9C           
 user_controls      00           recorder_ui_2.psm
 dip_inputs         01           recorder_ui_2.psm
 uart_data_rx       02           recorder_ui_2.psm
 uart_data_tx       03           recorder_ui_2.psm
 data_present       04           recorder_ui_2.psm
 buffer_full        05           recorder_ui_2.psm
 recorder_status    10           recorder_ui_2.psm
 selected_message   11           recorder_ui_2.psm
 volume_setting     12           recorder_ui_2.psm
 control_port       13           recorder_ui_2.psm
 board_status       14           recorder_ui_2.psm
 audio_debug_ctrl   21           recorder_ui_2.psm
 cmd_play           01           recorder_ui_2.psm
 cmd_record         02           recorder_ui_2.psm
 cmd_delete         03           recorder_ui_2.psm
 cmd_delete_all     04           recorder_ui_2.psm
 cmd_volume         05           recorder_ui_2.psm
 cmd_stop           06           recorder_ui_2.psm
 cmd_pause_resume   07           recorder_ui_2.psm
 ctl_clear_status   01           recorder_ui_2.psm
 stat_busy          01           recorder_ui_2.psm
 stat_recording     02           recorder_ui_2.psm
 stat_playing       04           recorder_ui_2.psm
 stat_paused        08           recorder_ui_2.psm
 stat_done          10           recorder_ui_2.psm
 stat_invalid       20           recorder_ui_2.psm
 ui_idle            00           recorder_ui_2.psm
 ui_recording       01           recorder_ui_2.psm
 ui_playing         02           recorder_ui_2.psm
 ui_paused          03           recorder_ui_2.psm
 ui_busy            04           recorder_ui_2.psm
 ui_done            05           recorder_ui_2.psm
 ui_rejected        06           recorder_ui_2.psm
 ui_slot_updated    07           recorder_ui_2.psm
 ui_volume_updated  08           recorder_ui_2.psm
 ui_command_sent    09           recorder_ui_2.psm
 ui_unknown_key     0A           recorder_ui_2.psm
 ui_monitor_updated 0B           recorder_ui_2.psm
 ui_tone_updated    0C           recorder_ui_2.psm
 focus_slot         00           recorder_ui_2.psm
 focus_volume       01           recorder_ui_2.psm
 ascii_ESC          1B           recorder_ui_2.psm
 ascii_HASH         23           recorder_ui_2.psm
 ascii_SPACE        20           recorder_ui_2.psm
 ascii_MINUS        2D           recorder_ui_2.psm
 ascii_SLASH        2F           recorder_ui_2.psm
 ascii_0            30           recorder_ui_2.psm
 ascii_1            31           recorder_ui_2.psm
 ascii_2            32           recorder_ui_2.psm
 ascii_3            33           recorder_ui_2.psm
 ascii_4            34           recorder_ui_2.psm
 ascii_5            35           recorder_ui_2.psm
 ascii_6            36           recorder_ui_2.psm
 ascii_7            37           recorder_ui_2.psm
 ascii_8            38           recorder_ui_2.psm
 ascii_9            39           recorder_ui_2.psm
 ascii_COLON        3A           recorder_ui_2.psm
 ascii_EQUALS       3D           recorder_ui_2.psm
 ascii_A            41           recorder_ui_2.psm
 ascii_B            42           recorder_ui_2.psm
 ascii_C            43           recorder_ui_2.psm
 ascii_D            44           recorder_ui_2.psm
 ascii_E            45           recorder_ui_2.psm
 ascii_F            46           recorder_ui_2.psm
 ascii_H            48           recorder_ui_2.psm
 ascii_I            49           recorder_ui_2.psm
 ascii_J            4A           recorder_ui_2.psm
 ascii_K            4B           recorder_ui_2.psm
 ascii_L            4C           recorder_ui_2.psm
 ascii_M            4D           recorder_ui_2.psm
 ascii_N            4E           recorder_ui_2.psm
 ascii_O            4F           recorder_ui_2.psm
 ascii_P            50           recorder_ui_2.psm
 ascii_Q            51           recorder_ui_2.psm
 ascii_R            52           recorder_ui_2.psm
 ascii_S            53           recorder_ui_2.psm
 ascii_T            54           recorder_ui_2.psm
 ascii_U            55           recorder_ui_2.psm
 ascii_V            56           recorder_ui_2.psm
 ascii_W            57           recorder_ui_2.psm
 ascii_X            58           recorder_ui_2.psm
 ascii_Y            59           recorder_ui_2.psm
 ascii_Z            5A           recorder_ui_2.psm
 ascii_LBRACK       5B           recorder_ui_2.psm
 ascii_RBRACK       5D           recorder_ui_2.psm
 ascii_a            61           recorder_ui_2.psm
 ascii_c            63           recorder_ui_2.psm
 ascii_d            64           recorder_ui_2.psm
 ascii_e            65           recorder_ui_2.psm
 ascii_f            66           recorder_ui_2.psm
 ascii_g            67           recorder_ui_2.psm
 ascii_h            68           recorder_ui_2.psm
 ascii_i            69           recorder_ui_2.psm
 ascii_j            6A           recorder_ui_2.psm
 ascii_k            6B           recorder_ui_2.psm
 ascii_l            6C           recorder_ui_2.psm
 ascii_m            6D           recorder_ui_2.psm
 ascii_n            6E           recorder_ui_2.psm
 ascii_o            6F           recorder_ui_2.psm
 ascii_p            70           recorder_ui_2.psm
 ascii_q            71           recorder_ui_2.psm
 ascii_r            72           recorder_ui_2.psm
 ascii_s            73           recorder_ui_2.psm
 ascii_t            74           recorder_ui_2.psm
 ascii_u            75           recorder_ui_2.psm
 ascii_v            76           recorder_ui_2.psm
 ascii_w            77           recorder_ui_2.psm
 ascii_x            78           recorder_ui_2.psm
 ascii_y            79           recorder_ui_2.psm
 ascii_z            7A           recorder_ui_2.psm
 ascii_CR           0D           recorder_ui_2.psm
 ascii_LF           0A           recorder_ui_2.psm



No TABLEs defined



List of text strings

 STRING name       String         Source PSM File

 KCPSM6_version$   "v2.70"        
 datestamp$        "04 May 2026"  
 timestamp$        "15:51:09"     



List of line labels

   Label                           Addr  Source PSM File

 * cold_start                      000   recorder_ui_2.psm
   main_loop                       002   recorder_ui_2.psm
 * focus_up                        024   recorder_ui_2.psm
 * focus_down                      025   recorder_ui_2.psm
 * adjust_left                     026   recorder_ui_2.psm
 * adjust_right                    027   recorder_ui_2.psm
   slot_left_key                   028   recorder_ui_2.psm
   slot_right_key                  029   recorder_ui_2.psm
   slot_left                       02A   recorder_ui_2.psm
   slot_left_to_0                  032   recorder_ui_2.psm
   slot_left_to_1                  034   recorder_ui_2.psm
   slot_left_done                  035   recorder_ui_2.psm
   slot_right                      037   recorder_ui_2.psm
   slot_right_to_1                 03F   recorder_ui_2.psm
   slot_right_to_2                 041   recorder_ui_2.psm
   slot_right_done                 042   recorder_ui_2.psm
   volume_down                     044   recorder_ui_2.psm
   volume_down_to_0                064   recorder_ui_2.psm
   volume_down_to_1                066   recorder_ui_2.psm
   volume_down_to_2                068   recorder_ui_2.psm
   volume_down_to_3                06A   recorder_ui_2.psm
   volume_down_to_4                06C   recorder_ui_2.psm
   volume_down_to_5                06E   recorder_ui_2.psm
   volume_down_to_6                070   recorder_ui_2.psm
   volume_down_to_7                072   recorder_ui_2.psm
   volume_down_to_8                074   recorder_ui_2.psm
   volume_down_to_9                076   recorder_ui_2.psm
   volume_down_to_A                078   recorder_ui_2.psm
   volume_down_to_B                07A   recorder_ui_2.psm
   volume_down_to_C                07C   recorder_ui_2.psm
   volume_down_to_D                07E   recorder_ui_2.psm
   volume_down_done                07F   recorder_ui_2.psm
   volume_up                       081   recorder_ui_2.psm
   volume_up_to_1                  0A1   recorder_ui_2.psm
   volume_up_to_2                  0A3   recorder_ui_2.psm
   volume_up_to_3                  0A5   recorder_ui_2.psm
   volume_up_to_4                  0A7   recorder_ui_2.psm
   volume_up_to_5                  0A9   recorder_ui_2.psm
   volume_up_to_6                  0AB   recorder_ui_2.psm
   volume_up_to_7                  0AD   recorder_ui_2.psm
   volume_up_to_8                  0AF   recorder_ui_2.psm
   volume_up_to_9                  0B1   recorder_ui_2.psm
   volume_up_to_A                  0B3   recorder_ui_2.psm
   volume_up_to_B                  0B5   recorder_ui_2.psm
   volume_up_to_C                  0B7   recorder_ui_2.psm
   volume_up_to_D                  0B9   recorder_ui_2.psm
   volume_up_to_E                  0BB   recorder_ui_2.psm
   volume_up_done                  0BC   recorder_ui_2.psm
   do_play                         0BE   recorder_ui_2.psm
   do_record                       0C5   recorder_ui_2.psm
   do_delete                       0CC   recorder_ui_2.psm
   do_delete_all                   0D2   recorder_ui_2.psm
   do_stop                         0D7   recorder_ui_2.psm
   do_pause_resume                 0DC   recorder_ui_2.psm
   redraw_only                     0E1   recorder_ui_2.psm
 * toggle_monitor                  0E3   recorder_ui_2.psm
   monitor_on                      0E7   recorder_ui_2.psm
   monitor_done                    0E8   recorder_ui_2.psm
 * toggle_tone                     0EA   recorder_ui_2.psm
   tone_on                         0EE   recorder_ui_2.psm
   tone_done                       0EF   recorder_ui_2.psm
   init_ui_state                   0F1   recorder_ui_2.psm
   apply_volume_update             0FD   recorder_ui_2.psm
   apply_volume_command            107   recorder_ui_2.psm
   write_selected_message_reg      10A   recorder_ui_2.psm
   write_volume_reg                10D   recorder_ui_2.psm
   write_audio_debug_reg           110   recorder_ui_2.psm
   audio_debug_monitor_off         116   recorder_ui_2.psm
   audio_debug_00                  11A   recorder_ui_2.psm
   audio_debug_01                  11C   recorder_ui_2.psm
   audio_debug_write               11D   recorder_ui_2.psm
   issue_command                   11F   recorder_ui_2.psm
   clear_hw_status                 123   recorder_ui_2.psm
   check_background_status         126   recorder_ui_2.psm
   background_return               139   recorder_ui_2.psm
   background_rejected             13A   recorder_ui_2.psm
   background_done                 13E   recorder_ui_2.psm
   background_paused               142   recorder_ui_2.psm
   background_playing              145   recorder_ui_2.psm
   background_recording            148   recorder_ui_2.psm
   background_busy                 14B   recorder_ui_2.psm
   set_status_and_redraw           14E   recorder_ui_2.psm
   redraw_screen                   153   recorder_ui_2.psm
   print_compact_update            15F   recorder_ui_2.psm
   clear_screen                    16F   recorder_ui_2.psm
   print_header                    17E   recorder_ui_2.psm
   print_status_line               1A4   recorder_ui_2.psm
   print_status_line_inline        1A7   recorder_ui_2.psm
   print_slot_line                 1BB   recorder_ui_2.psm
   print_slot_line_inline          1BE   recorder_ui_2.psm
   print_volume_line               1D0   recorder_ui_2.psm
   print_volume_line_inline        1D3   recorder_ui_2.psm
   print_focus_line                1F2   recorder_ui_2.psm
   print_focus_line_inline         1F5   recorder_ui_2.psm
   print_audio_debug_line          20E   recorder_ui_2.psm
   print_audio_debug_line_inline   211   recorder_ui_2.psm
 * print_focus_slot                238   recorder_ui_2.psm
   print_focus_slot_inline         23B   recorder_ui_2.psm
   print_slot_value                244   recorder_ui_2.psm
   print_slot_value_0              24D   recorder_ui_2.psm
   print_slot_value_1              250   recorder_ui_2.psm
   print_slot_value_2              253   recorder_ui_2.psm
   print_help_line_1               256   recorder_ui_2.psm
   print_help_line_2               282   recorder_ui_2.psm
   print_help_line_3               2AE   recorder_ui_2.psm
   print_help_line_4               2D4   recorder_ui_2.psm
   print_status_text               2EC   recorder_ui_2.psm
 * status_idle                     304   recorder_ui_2.psm
   status_recording                30D   recorder_ui_2.psm
   status_playing                  320   recorder_ui_2.psm
   status_paused                   32F   recorder_ui_2.psm
   status_busy                     33C   recorder_ui_2.psm
   status_done                     345   recorder_ui_2.psm
   status_rejected                 34E   recorder_ui_2.psm
   status_slot_updated             35F   recorder_ui_2.psm
   status_volume_updated           372   recorder_ui_2.psm
   status_command_sent             38F   recorder_ui_2.psm
   status_unknown_key              398   recorder_ui_2.psm
   status_monitor_updated          3AF   recorder_ui_2.psm
   status_tone_updated             3C6   recorder_ui_2.psm
   print_monitor_state             3DF   recorder_ui_2.psm
   print_tone_state                3E2   recorder_ui_2.psm
   print_off                       3E5   recorder_ui_2.psm
   print_on                        3EC   recorder_ui_2.psm
 * print_slot_selector             3F1   recorder_ui_2.psm
   slot_view_0                     3F8   recorder_ui_2.psm
   slot_view_1                     40B   recorder_ui_2.psm
   slot_view_2                     41E   recorder_ui_2.psm
   slot_view_3                     431   recorder_ui_2.psm
   print_volume_value              444   recorder_ui_2.psm
   volume_text_00                  463   recorder_ui_2.psm
   volume_text_01                  468   recorder_ui_2.psm
   volume_text_02                  46D   recorder_ui_2.psm
   volume_text_03                  472   recorder_ui_2.psm
   volume_text_04                  477   recorder_ui_2.psm
   volume_text_05                  47C   recorder_ui_2.psm
   volume_text_06                  481   recorder_ui_2.psm
   volume_text_07                  486   recorder_ui_2.psm
   volume_text_08                  48B   recorder_ui_2.psm
   volume_text_09                  490   recorder_ui_2.psm
   volume_text_10                  495   recorder_ui_2.psm
   volume_text_11                  49A   recorder_ui_2.psm
   volume_text_12                  49F   recorder_ui_2.psm
   volume_text_13                  4A4   recorder_ui_2.psm
   volume_text_14                  4A9   recorder_ui_2.psm
   volume_text_15                  4AE   recorder_ui_2.psm
   print_volume_bar                4B3   recorder_ui_2.psm
   volume_bar_00                   4D2   recorder_ui_2.psm
   volume_bar_01                   4D4   recorder_ui_2.psm
   volume_bar_02                   4D6   recorder_ui_2.psm
   volume_bar_03                   4D8   recorder_ui_2.psm
   volume_bar_04                   4DA   recorder_ui_2.psm
   volume_bar_05                   4DC   recorder_ui_2.psm
   volume_bar_06                   4DE   recorder_ui_2.psm
   volume_bar_07                   4E0   recorder_ui_2.psm
   volume_bar_08                   4E2   recorder_ui_2.psm
   volume_bar_09                   4E4   recorder_ui_2.psm
   volume_bar_10                   4E6   recorder_ui_2.psm
   volume_bar_11                   4E8   recorder_ui_2.psm
   volume_bar_12                   4EA   recorder_ui_2.psm
   volume_bar_13                   4EC   recorder_ui_2.psm
   volume_bar_14                   4EE   recorder_ui_2.psm
   volume_bar_15                   4F0   recorder_ui_2.psm
   print_hash                      4F2   recorder_ui_2.psm
   print_dash                      4F5   recorder_ui_2.psm
   print_bar_00                    4F8   recorder_ui_2.psm
   print_bar_01                    509   recorder_ui_2.psm
   print_bar_02                    51A   recorder_ui_2.psm
   print_bar_03                    52B   recorder_ui_2.psm
   print_bar_04                    53C   recorder_ui_2.psm
   print_bar_05                    54D   recorder_ui_2.psm
   print_bar_06                    55E   recorder_ui_2.psm
   print_bar_07                    56F   recorder_ui_2.psm
   print_bar_08                    580   recorder_ui_2.psm
   print_bar_09                    591   recorder_ui_2.psm
   print_bar_10                    5A2   recorder_ui_2.psm
   print_bar_11                    5B3   recorder_ui_2.psm
   print_bar_12                    5C4   recorder_ui_2.psm
   print_bar_13                    5D5   recorder_ui_2.psm
   print_bar_14                    5E6   recorder_ui_2.psm
   print_bar_15                    5F7   recorder_ui_2.psm
   send_crlf                       608   recorder_ui_2.psm
   send_uart_byte                  60D   recorder_ui_2.psm

      * Line label has not been referenced in any instructions.
        Hint - This may indicate unused code that could be
               removed to reduce the size of this program.



Instruction usage statistics

 Instruction    Instances

 LOAD            422
 STAR              -

 AND               2
 OR                -
 XOR               -

 ADD               -
 ADDCY             -
 SUB               -
 SUBCY             -

 TEST             12
 TESTCY            -
 COMPARE         108
 COMPARECY         -

 SL0               -
 SL1               -
 SLX               -
 SLA               -
 RL                -
 SR0               -
 SR1               -
 SRX               -
 SRA               -
 RR                -

 REGBANK           -

 INPUT             7
 OUTPUT            7
 OUTPUTK           -

 STORE             -
 FETCH             -

 DISABLE           -
 ENABLE            -
 RETURNI           -

 JUMP            179
 JUMP@             -
 CALL            704
 CALL@             -
 RETURN          113
 LOAD&RETURN       -

 HWBUILD           -



End of KCPSM6 log file.
